Actor Name,Code Name
夏睛子,MTVQ24-EP2
古伊娜,"MCY-0243, MCY-0242, BLX-0055, FX-0007, FX-0005, MTVQ23-EP3, PMTC-050"
梦遗之秘密换妻,MFK-0034
艾瑞卡,CP-017
苏语棠,"MCY-0241, MCY-0240, MD-0293, MDX-0269, MCY-0225, MCY-0224, MD-0283, RS-034-AV2, MPG-0061, MCY-0185, MDL-0009-2, MCY-0179, MPG-025, BLX-0020, MD-0259, MTVQ20-EP1, BLX-0026, MKY-XP-002, BLX-0007, MDCM-0001, MCY-0094, MCY-0089, MKY-WS-005, MCY-0079, 性爱自修室EP9, MCY-0055, MDX-0242, 性爱自修室EP7, MCY-0044, MCY-0008, MDX-241-01, MKY-HM-004, MDX-0237-1, MD-0214, MDX-0227, MKY-MG-001, MD-0193, MDX0191, MDX167, 夏晴子, MDX0125"
姚彤彤,MD-0297
玖玖,"FX-0009, TMW151, TMG076, TMW147, TMG075, TMW096, TMW043, TMW036, RAS-0269, RAS-0208, RAS-0209, RAS-0176, RAS-0175, RAS-0161"
湘湘,"ID5358, ID5354, 91BCM-045, 91BCM-046, 91KCM-086, TMP0066, TMP0064, TMP0049, TMP0034, TMP0032, TMBC005, TMP0025, TMP0024, SAKY006, SATX005, SAKY005, RAS-0316, XKQP39, XKQP33, XKG133, XKQP008, XKQP002, JDBC049, JDBC046, JDYA021, JDBC020, JDBC018, xsjtc13, XSJ155"
乔安,"ID5357, TMW184, PMX-061, PMC-072, PMC057, PMC-031, PMC028, PMX035"
言芯恬,"MCY-0239, MCY-0238"
美味人妻,MFK-002
MM-086,无套系列
张丽娟,MSD-148
小猫咪,"MSD-152, MSD-154, MSD-141, QQOG-049"
孟若羽,"VNS-001, MPG-0066, RS-020, RS-016, MCY-0091, MCY-0085, RS-009, RS-006, RS-004, RS-003, KH-001, TT008, TT-006, TT-005, 91BCM-056, 91BCM-055, TMG090, TMG089, TMG037, TMG036, TMW086S, TMW031, TMW016, TMW010, TMW003, TM0148, 尤莉, PM-048, PME-115, PMTC-038, PME-100, PME-090, PME-086, PMC-449, PME-082, PME-069, PME-058, PME-036, PMTC-020, PME-015, PME-014, PME-013, PMTC006, PMC-349, PMC-321, PMC-305, PMC285, PMC277, PMC272, PMX076, PMC236, PMC204, PMC202, PMC-161, PMC-159, PMC-160, PMC-158, PMC-134, PMC-136, PMC125, PMX057, PMC101, PMC099, PMC123, PMC094, PMC096, PMC080, PMC046, PMX049, PMC032, PMC-024, PMX-038, PMC011, KM-012, KM-010, RAS-0124, RAS-0131, RAS-0126, WTB-060, WTB-061, WTB-048, xsjyh04, xsjyh02, XSJ157, xsjky064, xsjtc05, XSJ145, xsjky036, XSJ137, xsjky023, xsjky027, xsjbw007, XSJ130, XSJ126, XSJ105, xsjhg006, QDKY002, XSJ021, XSJ016, QDSP002"
温芮欣,"MTVQ24-EP1, MXB-0005, MDX-0266, MDX-0262, MD-0274, MD-0272, MCY-0132, MCY-0131, MDWP-0028, MDX-0244, MDAG-0010, 91KCM-152, 91KCM-151, 91KCM-135, 91KCM-136, TMW191, TMW176, TMW165, TMG099, TMP0070, TMP0068, TMP0046, TMG100, TMG059, TMG060, TMW115, PMTC-046, PME-112, PME-094, PME-097, PME-081, PMTC-030, PMC-439, PME-070, PME-061, PMC-422, PMC-408, PMTC-025, PME-024, PMC-386, PMC-376, PMC-361, PMC-318, PMC294, PMC271, PMC261, PMC247, PMC180, PMC-178, RAS-0319, RAS-0289, RAS-0299, RAS0240, RAS-0244, JDBC044, JDBC042, xsjky070, XSJ154, XSJ148, xsjky051, XSJ059"
夏晴子,"MD-0303, MD-0281, BLX-0050, MCY-0229, MD-0200-2, MKY-BA-006, RS-034-EP3, RS-034-EP2, RS-034-AV1, MD-0284, RS-034-EP1, MKY-BA-005, MPG-0039, MCY-0155, MCY-0153, MDCM-0007, MDSJ-0003, MTVQ21-EP1-2, MKY-TN-002, MD-0170-1, MPG-028, MKY-CS-001, MDC-EX-03, MPG-005, BLX-0009, MCY-0088, MKY-WS-006, MKY-NC-006, MKY-SV-012, MDHT-0016, MCY-0058, 性爱自修室EP8, MKY-SL-004, MDSR-0002-EP2, MCY-0018, MCY-0001, MDSR-0001-1, MKY-JB-001, MD-0243, MKY-TH-001, MKY-NS-003, MKY-WM-005, MD-0208, MDX-0237-2, MKY-TX-005, MKY-MG-008, MDL-0004, MDX-0197, MTVQ11EP4, MTVQ11EP4, MD-0130-1, MDX0178, 钟丽琪, 狼人插II"
凌薇,"MCY-0237, MCY-0236, MCY-0228, MD-0294, MPG-0058, MPG-0055, MPG-0046, BLX-0046, MD-0268, MCY-0138, BLX-0040, BLX-0014, BLX-0034, MPG-017, MKY-AP-008, MDX-0249, MCY-0076, MCY-0073, MKY-SV-010, MDHT-0010, MCY-0039, MD-0238, MD0241, MKY-WM-008, MDX-0235-01, MKY-HC-005, MDX-0185, MD-0202, MDX-0204, MD0194, 狼人插II, 凌辱巨乳蛇姬, 麻豆男女优生死斗EP3"
玥可岚,"MCY-0244, BLX-0048, MD-0286, MCY-0227, MKY-BA-008, FCD-6901, MKY-BA-007, MPG-0056, RS-030-AV1, RS-030-EP1, MCY-0181, MCY-0167, MPG-0040, MCY-0154, MCY-0180, MCY-0177, BLX-0035, BLX-0015, BLX-0029, MPG-021, HPP-0021-01, MKY-WS-003, MDHS-00004, MKY-NC-008, MDX-0251, MCY-0074, MDHT-0017, MKY-SV-001, MCY-0047, MKY-LF-009, MCY-0012, MD-0242, MD-0225, MDX-0241-04, MKY-KS-002, HPP-0018, MD-0196, MD0191"
梦遗卖身女子,MFK-0003
林雪,"LY-035, XK8179"
优娜,"CP-016, CP-015, 91YCM-076, 91YCM-075, 91KCM-125, 91KCM-126, 91BCM-005, TMBC022, TMBC021, TMP0050, TMP0048, TMP0039, TMP0041, TMBC001, TMP0023, XKG117, JDBC056, JDBC058, JDBC036, JDBC034, JDYA013, xsjyh012, xsjky107, xsjky085, xsjtc19, xsjky060, XSJ143, xsjky038, XSJ138, xsjky020, XSJ129, XSJ100, xsjbw005, xsjky008, XSJ046, XSJ047"
阿柒,"ID5356, ID5339"
灵灵,FX-0010
夏天,"MSD-156, MSD-159, CZ-001"
杨沫,"LY-034, XKTC067"
薇薇,"MSD-147, WM-25039"
强势的妹妹,MFK-0021
林佳欣,BLX-0057
珍珍,ID5353
艾鲤,"MD-0210-1, MSD-117, MSD-107, MSD-106"
苏念瑾,"MPG-0089, MPG-0088, MPG-0082, MCY-0205, MCY-0204, MCY-0197, MDX-0261, MDX-0259, MCY-0156, MCY-0127, MCY-0126, MCY-0116, MCY-0096, MCY-0095, 91KCM-150, 91KCM-149, KCM-134, 91KCM-117, 91KCM-116, PEM-138, PME-124, PMC-463, PMC-459, PMC-404, PMC-393, PMC-379, PMC-334"
黄梦梦,RS-40
嫂子的诱惑,MFK-0020
思思,MSD-146
王露,MSD-143
吴梦梦,"HPP-0039, MDX-0270, MKY-BA-004, MKY-BA-003, MDSJ-0007, MM-057, MM-055, MM-053, MM-054, MM-045"
雯茜,"ID5351, ID5338, ID5327, ID5291, ID5292, ID5273, ID5252, ID5254, ID5240, ID5239"
惠敏,"ID5349, ID5348, ID5350, ID5337, ID5331, ID5326, ID5320, ID5294"
苏畅,"MGL-0002, MGL-0001, MD-0190-6, MD-190-5, MTVQ1-EP13, MTVQ1-EP13, MD-190-4, MD-190-3, MD-0190-2, MD-0190-1"
宋南伊,"FX-0006, BLX-0056, BLX-0049, FX-0004, MCY-0217, MCY-0216, MCY-0209, MCY-0190, RS-023-AV2, MDHS-0010, MCY-0115, BLX-0023, MCY-0141, MD-0261, MDWP-0025, MDSR-0003-EP2, MCY-0065, MCY-0052, MDHT-0005, MDAG-0002, MDSR-0001-2, TMW204, TMW194, EMX-028, PMTC-041, PMTC-032, EMX-020, PMC-434, PMC-430, EMA-007, EMA-004, RAS-335, RAS-0324, EMG011"
都可可,"LY-033, JDBC081, JDBC080"
Nastasya,MSD-142
李蓉蓉,"MDX-0271, MPG-0083, MCY-0231, BLX-0047, MCY-0230, MD-0285, MCY-0212, MTVQ1-EP16, MTVQ1-EP16, RS-034-AV3, MCY-0199, MDX-0267, MD-0275, MPG-0052, HPP-0028, MCY-0157, MDSJ-0002, MCY-0133, MD-0170-4, MTVQ21-EP1, MCY-0125, MCY-0124, MCY-0118, MPG-029, MCY-0117, BLX-0025, MPG-013, BLX-0010, MDCM-0002, MKY-XP-001, MDHT-0006, MDAG-0006, MCY-0061, MKY-SV-011, MKY-SL-012, MD0248, MKY-LF-011, MKY-LF-003, MCY-0026, MDWP-0018, MKY-TH-005, MKY-NS-002, MDX-0237-7, MKY-TX-003, 91ZCM-013, 91ZCM-015, 91YCM-072, 91ZCM-014, 91ZCM-010, 91ZCM-009, 91KCM-118, 91YCM-067, 91BCM-050, 91KCM-083, PMC-472, PMC-465, PMC-457, PMC-436, PMC-423, EMA-005, PMC-401, PMTC-019, PMX074, PMC118, PMC108, PMC0100, PMC106, PMC092, PMC-090, PMC059, PMC044, xsjky088"
精明女公关,MFK-0019
小夜夜,"BLX-0054, RS-041, RS-038, RAS-0129, RAS-0138, RAS-0148"
MM-083,无套系列
伸缩自如的肉棒操坏秘穴,RS-035
苏雨彤," RAS-0337, FX-0003, FX-0002, TMW200, TMW197, RAS-0331"
乐奈子,"RAS-0298, TMW198, TMW196, TMW192, TMW180, TMG128, TMG127, TMW178, TMW158, TMW156, TMW150, TMW144, TMG070, TMW124, TMG069, TMG043, TMW103, TMG044, TMW088, TMW082, RAS-333, RAS-0326, RAS-0321, RAS-0317, RAS-0128, RAS-0313, RAS-0303, RAS-0135, RAS-0140, RAS-0139, RAS-0136, RAS-0142, RAS-0290, RAS0291, RAS-0277, RAS-0283, RAS-0227, RAS-0221, RAS-0218, RAS-0198, RAS-0197, RAS-0186, RAS-0178, RAS0177, HJ-092, xsjky101, xsjtc18, xsjtc08"
林玥玥,"RAS-302, QX-005, TMW202, PMC-437"
搭游艇出游看对眼直接进船舱打炮,小葛格东游记s3
梁芸菲,"MPG-0084, MCY-0203, HPP-0030, MDX-0263, HPP-0029, MCY-0175, MPG-033, BLX-0017, BLX-0032, MDCM-0004, MCY-0121, MPG-007, MCY-0092, MCY-0029, MKY-SV-002, MKY-SV-009, MKY-LF-014, MD-0232, MCY-0020, MDHT-0002, MKY-JB-007, MAN-0005, MKY-HM-006, MD-0224, 91BCM-038, 91BCM-037, TMG122, TMG121, PMC-476, PMC-397, OM-004, xsjtc12"
苡若,"RR-018, MDX-0264, RS-023-AV1, RS-023-EP1, MD-0262, MDHT-0019, MCY-0098, MCY-0097, TMP0031, TMBC031, TMG072, TMG071, TMP0054, SAQP011, SAQP010, SAT0059, SAT0055, RAS0094, XKG138, JD150, JD149, JDBC051, JDYA023, JDBC030, xsjky083, xsjky076, xsjky053, xsjky048, XSJ140, XSJ135, XSJ124, xsjhg003, XSJ076, XSJ083, QDYP007, XSJ069, XSJ004, XSJ03"
莉娜,"LMG-002, ID5325, ID5311, ID5244, ID5233, ID5234, ID5222, 91KCM-155, 91KCM-137, 91KCM-139, 91KCM-124, GDCM-053, GDCM-052, 91BCM-034, 91BCM-033, 91YCM-050, 91YCM-051, 91KCM-064, 91KCM-065, 91BCM-025, 91YCM-025, GDCM-036, 91KCM-029, TMBC030, TMG119, TMG118, JDTY006, JDTY002, JDTY001, JDTY003, XSJ152, XSJ150, xsjky040, xsjky028, xsjbw006, XSJ133, XSJ128, xsjky016, xsjhg011, xsjhg004, QDYP014, XSJ067, XSJ060, QD004, QD011"
曼曼,ID5352
姚宛儿,"FX-0008, BLX-0051, MTVQ23-EP5, MCY-0196, MCY-0183, MDSJ-0004, MXB-0001, MDWP-0031, BLX-0028, PME-139, PME-136, PME-127, PMC-470, PMC-456, PMC-435, PMC-431, EMA-010, PMC-405, PMC-392, PMC-381, PMC-369, PMTC-008, PMC-357, PMC-350, PMC-337"
小捷,"ID5347, ID5346, TMG011, XKG193, XKTC044"
MM-081,"无套系列, 无套系列"
安诺,LY-032
毕业多年终于上了昔日校花,HPP-0035
周甯,"MDX-0268, MPG-0077, MCY-0235, MCY-0234, MPG-0070, MPG-0069, MCY-0201, MPG-0049, MCY-0162, MD-0271, MKY-TN-003, MTVQ20-EP4, MCY-0104, MDCM-0003, MCY-0145, MCY-0103, MCY-0093, MDHT-0018, MCY-0090, MD-0258, MCY-0071, MCY-0070, MCY-0051, MKY-SL-014, MDSR-0002-EP1SM, MKY-HM-007, MKY-NS-007, PMC-389, PMC-374, XSJ162"
先性后爱,MFK-0018
徐艳,"MSD-167, MSD-161"
梓涵,MSD-138
多多,"ID5345, 91KCM-085, 91KCM-084"
楚梦舒,"BLX-0053, RS-036-AV2, MCY-0164, MTVQ20-EP2, MKY-CS-003, BLX-0019, MDHS-0008, S2-EP1, BLX-0021, MPG-016, MDSR-0003-EP4, MDSR-0003-EP1, MCY-0066, MDX-0246, MCY-0050, MD-0246, MCY-0029, MD0237, MDWP0015, MD-0216, PMTC-039, PMC-444"
夏禹熙,"MPG-0078, MPG-0074, MPG-0068, MCY-0123, MPG-026, MPG-012, MCY-0110, MCY-0122, MPG-010, MCY-0109, MCY-0087, MCY-0056, MDAG-0009, MDWP-0023, MCY-0025"
白靖寒,"MPG-0079, MPG-0076, MPG-0067, MPG-0051, MPG-0038, MPG-011, MCY-0112, MCY-0102, MCY-0101, MCY-0086, MKY-SV-013, MCY-0064, MKY-SV-007, MCY-0045, MKY-SL-007, MKY-JB-012, MCY-0010, MKY-TH-006, MKY-NS-008, MDWP-0014, MDX0171"
女足补强教练私训,MSD-165
芯语,MSD-136
亲爱的礼仪老师,MFK-0017
思媛,ID5341
语伊,"ID5344, ID5342"
黎芷媗,"RS-033, RDS-001, RDS-002, 91BCM-044, 91BCM-043, TML026, TML024, TMG096, TMG095, TMW161, TMW155, TMW141, TMW131, TMW128, RAS-0338, RAS-0259, JDBC054, JDBC052, xsjyh07, XSJ156, xsjtc03"
林嫣,"BLX-0051, MCY-0226, RS-036-AV1, MTVQ1-EP15, MTVQ1-EP15, MD-0200-1, MDX-0258, MCY-0159, BLX-0042, MCY-0130, MPG-032, MCY-0128, BLX-0014, MCY-0113, MPG-015, BLX-0022, MKY-WS-002, RR-017, MDHS-0003, MD-0255, MDX-0243, MDAG-0008, MCY-0028, MDWP-0020, 91BCM-049, 91BCM-048, PM-049, PMC-466, EMX-021, PMX-021, PMC-451, EMA-017, PMC-425, PMC-412, PMC-407, PMTC-023, EMG-012"
泡面的滋味,MFK-0016
DB-018,渡边传媒
言嘉佑,MTVQ23-EP4
娃诺,"RS-031, MD-0273"
思嫒,ID5340
蔡姓偶像多人运动火爆全网,MD-0295
私家侦探之他的面容,MFK-0015
芳情,"ID5336, ID5237, ID5230"
苏茜,"LY-031, JDTY030, JDTY029"
小洁,"ID5333, ID5301, ID5299, ID5295, ID5290, ID5293, ID5282, ID5281"
妍予,ID5335
宋雨川,"MD-0292, MTVQ23-EP1, MDCM-0009, 91KCM-148, 91KCM-147, TMW195, TMG130, TMG129, PMC-445, RAS-0315, XKTC065, XKTC060, xsjky100, xsjtc14"
诗琪,"ID5334, ID5322, ID5270, ID5257"
灵枝,"ID5343, ID5310, ID5307"
李梦仟,LY-030
菲菲,"MSD-137, TMP0080, TMG064, TMG079, TMG063"
菜菜,"MSD-109, XKTC040, XKTC032"
私家侦探之平冈公主与傻瓜温达,MFK-0014
秋元,MTVQ23-EP2
管明美,"MCY-0232, MCY-0222, MKY-BA-010, MCY-0215, MD-0282, MKY-BA-009, MCY-0192, MPG-0054, MPG-045, MCY-0172, MCY-0166, MCY-0150, MCY-0146, MCY-0134, MCY-0072, MDSR-0002-EP3, MKY-LF-012, MCY-0038, MKY-JB-006, MKY-JB-003, MKY-KS-006, MKY-HC-004, MDX-0225, MDX-0217, MDX-0203, TT003, KM-006, KM-002"
书涵,"ID5330, ID5329"
紫寒,"ID5328, ID5309, ID5306"
MM-080,无套系列
艾熙,"HPP-0038, HPP-0037, MCY-0195, RS-030-AV2, RS-030-EP2, MD-0291, MD-0277, MCY-0160, MDL-0009-1, MD-0251, BLX-0033, MD-0254, 91YCM-070, 91ZCM-007, 91ZCM-008, 91ZCM-006, 91ZCM-005, PMC-455, PMC-443, EMA-016, PMC-426, PMC-413, PMC-409"
诗梦,MSD-134
私家侦探之爱情与战争,MFK-0013
夏雨荷,"CZ-0006, CZ-004, CZ-003"
娇妻嫩穴解决经济危机,LY-029
徐蕾,"MCY-0233, MCY-0213, MCY-0194, MPG-0059, MDSJ-0006, MPG-0037, MPG-0035, MCY-0152, MCY-0189, MDHS-0009, BLX-0030, BLX-0024, MCY-0142, MPG-006, MKY-WS-001, MCY-0077, MKY-NC-001, MDHT-0013, MKY-SL-002, MKY-LF-002, MCY-0019, MKY-JB-008, MCY-0009, MDX-0232, MDX-0221, MD-0192, MDX0179, MDWP-0010"
清妍,"ID5324, ID5323"
晨沁,ID5321
秦可欣,"RS-036-EP3, RS-036-AV3, MCY-0219, RS-036-EP2, MCY-0218, RS-036-EP1, MCY-0200, MPG-0060, MD-0180-2, MCY-0140, MCY-0139, MTVQ21-EP2, MCY-0120, BLX-0016, MCY-0119, BLX-0031, MDX-0257, MKY-NC-004, MTVQ19-EP2, MKY-SL-011, MKY-SL-010, MKY-JB-004, MDX-02222, MDX-0205, MDX0193, MDX0198, PMC-460"
舒可芯,"MCY-0223, MCY-0214, MCY-0191, MCY-0165, BLX-0037, MCY-0176, MTVQ20-EP3, MDHS-0007, MCY-0144, BLX-0008, BLX-0002, MD150-1, BLX-0001, MDHT-0015, MKY-SL-006, MKY-SL-009, MKY-SL-001, MKY-LF-007, MDWP-0017, MKY-KS-007, PMC-415, EMA-008, PMX079, PMX077, PMC049, PMC045"
林诗诗,MSD-139
执着的爱,MFK-0012
蜜苏,"FCD-6902, MKY-NC-002, MKY-SV-014, MKY-SV-006, MKY-SV-008, MKY-SL-015, MCY-0043, MDHT-0003, MKY-KS-005, MKY-NS-006, MKYTX008, MDX-0237-6, MD-0140-2, MDX-0182, MKY-MG-005, MDX-0215, MDX-0230, MD-0195"
MM-079,无套系列
觅嫣,"ID5316, ID5315, ID5313, ID5305, ID5314, ID5296"
瑶瑶,"ID5319, ID5308, ID5302, ID5280, ID5274, ID5275, ID5272, JDYP002, JD113"
雪千夏,"MCY-0221, MCY-0220, MCY-0207, MCY-0193, MPG-043, MCY-0168, MCY-0136, MCY-0135, MCY-0106, MCY-0105, MDHT-0001, MKY-JB-005, MKY-HM-003, MDX-0237-5, MDX-0226, MD0188, 0188, AV篇, 节目篇, 苏清歌"
苏璇,"FX-0001, TMW203"
秘密之妻子的男人,MFK-0011
邓紫晴,"MD-0276, MCY-0202, MCY-0186, MD-0180-1, MCY-0149, MDSJ-0001, XKQP42, XKQP37, XKG151, XKG147, XKQP011, XKQP006, OM-003"
好色按摩师,CZ-0005
痴女逃狱者的欲望,CP-011
金陵,HPP-0036
凯丽,"ID5318, ID5317"
挥别羞涩的性时光,RS-032
米兰,MSD-145
机智的外遇生活,MFK-0010
淫荡嫂子的诱惑,素人自制雅沁
美少女的肉欲直播间,LY-028
涵涵,"MSD-158, xsjky117, xsjky112"
小表妹的浪漫冰淇淋,CP-012
沈娜娜,"MXB-0004, MPG-0053, MPG-044, MCY-0151, MCY-0147, MD-0264, MPG-019, MPG-018, MD-0160-1, MCY-0143, MPG-002, MD-0257, MKY-WS-004, BLX-0005, MDX-0255, MDX-0252, MCY-0067, MKY-SL-008, MKY-SL-003, MCY-0034, MKY-LF-010, MKY-LF-005, MCY-0005, MCY-0004, MCY-0001, MDX-0241-02, MDX-0239-01, MKY-WM-004, MKY-HS-008, MDX-0236-01, MDX-0236-02, MD-0140-1, MDX-0184, MD-0199, MDX-0234-05, MDX-0234-04, MDX-0234-03, MDX-0234-02, MDX-0234-01, MD-0201, MD0181, EP1, EP1"
乐乐,"MT-022, MT-016, XKG033, XKG030, XKG028, XKG023, XK8130"
我和她的禁忌之恋,MFK-0009
私房模特约拍变约炮,LY-027
桃色家家酒,CP-013
冬娜,ID5300
婧儿,ID5312
文慧,ID5333
小薇,ID5304
MM-059,无套系列
浸透的修理工沦为少女泄欲工具,LY-026
微微,MSD-133
梦中的缪思女神,MFK-0008
韩棠,"MCY-0210, MCY-0206, MCY-0188, MPG-0050, MCY-0182, MCY-0170, MPG-042, BLX-0039, BLX-0012, MPG-024, MDHS-0006, MPG-003, MDX-0248, MKY-NC-010, MKY-NC-009, MDHT-0011, MKY-LF-006, MCY-0016, MCY-0015, MCY-0014, MTVQ16-EP4-2, MTVQ16-EP4-1, MKY-KS-004, MKY-WM-007, MD-0228, MKY-HC-002, MDX-0228, MD-0198, MDX-0199, MDX-0195, MDX0168, 麻豆男女优生死斗EP1番外篇"
静秋,ID5298
离家的黑魔术女孩,CP-014
斑比,"HPP-0034, 91YCM-086, 91YCM-085, 91YCM-069, 91KCM-102, 91YCM-068, 91KCM-103, 91KCM-111, 91YCM-056, 91YCM-045, 91KCM-095, 91BCM-032, 91KCM-079, 91KCM-078, 91YCM-053, 91YCM-052, 91BCM-027, 91BCM-028, 91TCM-006, 91KCM-051, 91KCM-050, 91JCM-001, TML028, TML022, TML019, TMBC033, TMBC028, TMBC013, TMBC011, TMBC006, TMP0022, TMXL009, TMXL008, JDBC061, JDBC063, JDYA020"
宋东琳,"MCY-0208, MCY-0198, MCY-0171, 91KCM-115, 91KCM-114, PME-140, EMA-018, PMC-403, PMC-358"
外遇爱湿吻的OL,MD-0278
阿拉斯加北极熊,MFK-0007
欲望少妇诱骗儿子同学,LY-025
赵思鹿,MSD-127
项子甯,"MPG-0073, MCY-0107, MDX-0250, MD-0247, MKY-SL-013"
苏念谨,"MPG-0071, MDWP-0032, PMC-364, PMC-353"
乔雨昕,"HPP-0033, xsjtc15"
MM-078,无套系列
妓生上流,MFK-0006
黑丝浪姐遭精液洗面,MSD-132
屋内有人肉欲蒙生,LY-024
直播间的蚊,CZ-002
啤儿,"HPP-0032, 91KCM-132, 91KCM-131, 91KCM-100, KCM-101"
赌王争霸之淫战双峰,CP-010
小微,ID5303
芸溪,"ID5297, ID5261"
美乳少女丝滑推油体验,LY-023
不小心上了你的床,MFK-0005
钟宛冰,"QX-003, MD-0140-3, MD-0186, MDX0192, TMP0056, PMX-120, PME-132, PME-107, PME-087, PME-085, PME-075, PMC-385, PMC-375, PMC-346, PMTC-005, PMC-309, PMC281, PMC276, JDYA018, JDBC029, xsjbw014, XSJ092, XSJ093, XSJ102"
被雨水打湿的巨乳少妇,CP-009
赖畇希,"MPG-0065, MPG-0064, RS-021, MPG-031, MCY-0084, MCY-0083, MDWP-0027, TMW187, xsjky111, xsjky097, xsjky080, xsjky082, xsjtc20, XSJ161, xsjky072"
诱逼调教巨乳模特儿,HPP-0031
MM-077,无套系列
酒店哥哥们,MFK-0002
李允熙,"MPG-0063, MPG-034, MPG-030, QX-002, MPG-009, MPG-004, MCY-0082, MCY-0081, MDAG-0011, MCY-0048, MCY-0035, MKY-LF-008, MCY-0022, MDX-0241-06, MDWP-0019, 原创节目企划, PME-117, PMC-417, PMC-402, PMC-325, RAS-0243, RAS-0245"
清纯少女嫩逼飘香,MSD-131
苏清歌,"MTVQ1-EP14, MTVQ1-EP14, MPG-0036, MD-0170-3, MDCM-0005, MTVSQ2-EP10, MTVSQ2-EP8, MPG-014, MTVSQ2-EP7, MD-0150-4, MDHT-0012, MCY-0027, MCY-0007, MKY-HS-006, MKY-HS-003, MKY-HS-001, MAN-0001, MDX-0218, MKY-HC-001, MDX0216, MD-0189, MDX-0206, 秦可欣, 秦可欣, 恋爱巴士EP2"
貌美人妻勾引外卖小哥,LY-022
季妍希,"MPG-0062, MCY-0174, MCY-0158, ID5235, BLX-0036, MCY-0114, MKY-XP-003, MPG-008, BLX-0006, MD-150-2, MCY-0080, MCY-0049, MCY-0021, MKY-JB-011, MKY-JB-010, MKY-TH-007, MD-0231, MKY-HM-001, MKY-TX-007, MDX-0237-3, MKY-AP-005, MKY-MG-003, MDX-0214, MDX0187, 恋爱咖啡馆, 苏语棠, 91YCM-088, 91YCM-087, 91KCM-128, 91KCM-127, 91YCM-057, 91YCM-058, TMG105, TMG103, TMP074, TMP0072, XKGA026, XKGA022, XKQP41, XKTC047, XKG190, XKG185, XKTC035, XK8167, XKQP010, XKG123, XKQP007, XKG119, JDBC060, JDBC062, JDBC060, JDBC035, JDYA015, xsjky087, xsjky074, xsjky046, XSJ141, xsjky024"
欲求不满风韵后妈,MSD-135
婕珍,"ID5287, ID5271, ID5268"
琳怡,"ID5285, ID5284, ID5286, ID5276, ID5265, ID5264"
实习生的职场潜规则,CP-008
芯萱,"ID5269, ID5256, ID5245"
喜鹊,ID5283
奇怪的姐姐们,MFK-0001
吴文琪,"MDX-0265, MCY-0187, XSJ153"
恋母癖儿子强上美乳母亲,LY-021
夏绯,"ID5278, ID5251"
差耻体验诊疗室,CP-007
超真实搭讪性爱,HPP-0027
升迁的技术,MFK-0004
赵晓涵,"MKY-BA-001, MD-0170-2, MDWP-0033, MD-0266, MDX-0256, BLX-0011, MDHT-0020"
南芊允,"MPG-0057, MPG-0041, MPG-023, MPG-001, MCY-0075, MCY-0053, MKY-LF-013, MDHT-0004, MCY-003, MDX-0240, MD-0206, MDWP-0012"
兄弟美人妻,LY-020
越南女房仲卖房送逼,MSD-129
搭讪失恋少女邻居,PS-030
梁佳芯,"MD-0267, MDCM-0006, MD-0269, MD-0263, SAT0063, PMX-118, PMC-380, PMC-367, PMTC-002, PMC-324, XKG071, XSJ099, xsjky010, xsjhg007"
闺蜜,ID5288
心萱,"ID5289, ID5204, SAT0073, SAT0072, JD148, JD139, JD138, JD136, JD134, XSJ158"
MM-076,无套系列
美足痴女的阳痿疗程,MSD-128
诱上少年的家教老师,LY-019
倪宛儿,MCY-0184
虎仔,"MTVQ22-EP2, MTVQ22-AV3, MTVQ22-AV2, MTVQ22-EP1"
小麦,"MTVQ22-AV4, MTVQ22-AV1"
初恋之晴道与野英的性爱特辑,RS-029
梦洁,"ID5279, ID5267, LB033"
董悦悦,"ID5277, XKQP54, XKTC064, XKQP50, XKQP46, XKQP43, XKTC055, XK8175, XK8173, XKTC045, XKG175, XKG171, XKG160, XKG156, XKG153, XKQP023, XKQP019, XKQP019, XKQP015, XKQP012, XK8158"
LY-018 极品兄妹性之初体验,
苏安亚,"MDX-0260, MCY-0169, BLX-0044, MCY-0137, MCY-0148, MKY-TN-001, MDHS-00005"
白沛瑶,"MPG-0047, MPG-020, MKY-AP-006, MCY-0099, MCY-0068, MCY-0063, MCY-0046, MCY-0040, MKY-WM-001, MKY-HS-002, MDX-0219, MDX-0200, MDX0180, PMX-121, PME-109, PMC-400, PMC-359, PMC-314, PMTC-004, XKG088"
淫级变变变人体魔术寿司,CP-005
咖啡店搭讪温柔姐姐,PS-029
MM-075,无套系列
姐妹的禁忌性爱秘密,RS-028
巨乳少妇职场规则,LY-017
唐芯,"MCY-0173, 91TCM-010, 91TCM-009, SAT0079, XKG131, XKG127, XSJ147, xsjky044, XSJ120"
姐弟间的不伦之恋,MSD-125
陈可心,"MAD-046, MAD-045, MAD-040, MAD-041, MAD-028, MAD-027, MAD-025, MAD-024, MAD018"
和老婆视讯与兄弟激情的当下,CP-004
凌萱,"ID5263, ID5252, ID5253, ID5249, ID5238, xsjky095"
风骚女屋主色诱打工男,RS-027
玉女神医之官人我要,CP-003
桃子的性幻想,LY-016
艾秋,"MDCM-0008, MCY-0163, MCY-0161, BLX-0045, MDSJ-005, BLX-0038, BLX-0013, MKY-AP-003, MD-0150-3, MDX-0253, MDSR-0003-EP3, MKY-NC-007, MAN-0008, MKY-SL-005, MDHT-0007, MKY-LF-001, MCY-0017, MKY-TX-001, MKY-MG-007, MD-0211, MKY-AP-001, MDX-0231, MDX-0224, MDWP-0004, MDX0169, MDX0151"
香茹,ID5266
婉婷,"ID5259, ID5248, ID5247"
张琪琪,"ID5262, ID5260, ID5236, ID5228"
深夜家出少女带回家,PS-028
琪琪,"ID5250, 兮兮, XK8169, XKG168, XK8162"
舒岚,ID5258
痴女主播吞精饮尿,MSD-126
书店里止不住淫水的学妹,CP-002
阅览幼齿服务生的淫穴秘密,RS-026
电竞陪玩少女的秘密,MSD-124
姗彤,"MT-030, MT-033, MT-031"
刘小珊,ID5243
茜茜,"ID5241, TMXL010, xsjky077, xsjky055, XSJ149, XSJ144"
刘小姗,"ID5242, ID5229, ID5232, ID5224"
巨乳欲女招嫖男妓,LY-014
袁子仪,"MSD-066, MSD-074, MSD-056, MSD-071, MSD072, MSD-026, MSD-055, MSD-068, MSD-046, MSD-045, MSD-044, 女优淫娃培训营EP5, 女优淫娃培训营EP5, MSD-025, MSD024"
两根大屌硬操巨乳学生妹,RS-025
日本约会软件初体验,PS-027
MM-074,无套系列
干上司捅兄弟都是放荡人妻惹的祸,ID5231
误入妹妹的秘密花园,LY-013
艾艾,"MT-013, MT-014, MT-011, MT-009"
春酒宴会脱衣女郎的呐喊,CP-001
黑丝御姐温情榨精,MSD-123
MM-073,无套系列
性饥渴女榨干我的大屌,RS-024
风铃,MT-021
DB-017,渡边传媒
憨憨,"MT-029, MT-024, MT-018, MT-017, FSOG-109"
樱樱,"ID5225, TMG131, TMW183, TMW170, RAS-0281, RAS-0297, xsjky108, xsjyh05, xsjky084"
舒婷,ID5226
夏露,"ID5227, ID5209, ID5207"
欲求不满诱上直男表哥,LY-012
苡琍,"RS-023-EP2, 性爱自修室EP3"
温泉馆风骚人妻欠人插,ID5223
变态BOSS捆绑调教新人女员工,ID5221
妍希,"ID5220, ID5202, ID5201, JDBC072"
巨乳妹搭上性爱巴士,RS-022
旅途中的悸动惊喜,MSD-116
小豆苗,MSD-122
白鹿,DW-007
大阪远征关西少妇情感指导,PS-026
被包养的女大学生,ID5219
妹妹裸聊接单风骚勾引亲哥哥,ID5218
公司酒会女秘书和老板私密偷情,ID5217
开车老司机潜规则美女汔车销售员,ID5216
兄弟争房手足相残倒霉弟媳遭强奸,ID5214
粉嫩小穴惨遭蹂躏,MT-026
沉浸式按摩体验,LY-011
芯怡,"ID5210, ID5203"
主治医生迷奸,ID5215
季研希,ID5213
白衣天使化生性爱奴隶,ID5212
咖啡馆搭讪服务员调制浓情蜜液,ID5211
你老婆操起来真香,MDS-119
DB-016,渡边传媒
向若芸,"MCY-0178, xsjky069"
小姨子与我的乱伦之恋,LY-010
MM-072,无套系列
ROXL,DW-006
主人的新年礼物,MXB-0002
斑斑,"ID5206, TMQ013, TMQ010, TMP0053, TMP0051, TMP0040, SAKY002, PMC-474, PMC-467, PME-105, PME-091, PMC-440, PME-076, PME-066, PMC-424, PMC-419, EMA-013, PMC-411, EMA-006, PMC-395, PMC-388, PME-032, PMTC-017, PMC-373, PMC-382, PMC-363, PME-001, PMC-354, PMC-345, PMC-310, PMC-323, PMC304, PMC298, PMC286, PMC268, PMC258, PMX068, PMC248, PMX069, PMC243, PMC233, PMC197, PMC195, PMC181, PMC179, PMC-172, PMC-230, PMC140, PMC112, PMC110, PMX056, PMC084, PMC-079, PMC-082, PMC060, PMC058, PMC043, PMC042, PMC043, PMC035, PMC036, PMX-043, PMC-023, PMC-016, XKTC046, JDBC028, JDBC026, JDBC016, JDBC014, EMG-009, EMG-002, xsjbw004, XSJ058"
姚茜,ID5208
哥哥性爱霸凌妹妹,ID5205
LTV-0040,MDUS系列[中文字幕]
圆梦技师COS蜘蛛侠,LY-009
深夜自由恋爱,小葛格东游记S2
淫欲金瓶梅,RS-019
我的外国冤种兄弟4P大作战,PS-025
夜上海的淫糜乱伦,MT-032
引诱我的骚逼巨乳同事,RS-018
偷拍精油按摩店,PS-024
DB-015,渡边传媒
骚货女在餐桌前开屄给你尝,RS-017
强上我的黑丝表姐,LY-006
MM-071,无套系列
巨乳按摩惹火上身,MSD-112
圣诞节的特别礼物,LY-008
圣诞淫湿圣典,DW-005
斯斯,"MTVSQ2-EP12, MTVSQ2-EP11"
妹妹的萝莉同学EP1,MT-025
掩饰欲望反差妍姐,LY-005
岚湘庭,"MPG-027, MAN-0011, MDWP-0026, MKY-SV-003, MCY-0057, MKY-SL-016, MDHT-0008, MDAG-0004, MTVQ17, MTVQ17, MKY-JB-002"
NTR强行侵犯人妻被两男干到翻过去,DW-004
吴文淇,"MKY-CS-002, TMP0077, TMBC026, TMP0061, TMBC020, TMP0059, SATX024, TMBC015, TMBC014, SATX022, TMG115, TMG113, TMP0028, TMP0021, TMP0020, SAT0062, SAKY010, SAKY009, SAKY008, SAKY007, PME-137, PME-133, EMX-025, PMC-469, PME-118, PMC-464, PME-110, PMC-461, PMC-461, PME-101, PMC-446, PMC-429, PMC-418, EMA-002, PMTC-024, PMC-396, PMC-384, PMC-370, PMC-352, PMC-347, PMC-315, PMC-312, PMTC-001, PMC-326, PMC299, PMC287, JDBC055, JDBC053, JDBC015, JDBC013, JDBC008, JDBC006, JDBC003, JDBC001, JDYA004, JDYA007, JDTY025, JDTY017, JDTY023, EMG-001, XSJ160, xsjtc10, XSJ146, xsjky039, XSJ131, xsjhg005, XSJ082"
口爆童颜巨乳嫩妹,MSD-114
绿帽奴面前爽操巨乳妹,RS-014
搭讪传单打工女,PS-023
莫夕慈,"MD-0265, MKY-NC-003, MDWP-0030, 91KCM-077, 91KCM-076, 91BCM-010, 91BCM-004, PME-129, PME-125, PMC-339, PMC-335, JDXYX023"
MM-070,无套系列
DB-014,渡边传媒
白靖赛,MCY-0111
我和两女的游戏,KD-015
近亲相奸的兄弟二媚药下的诱惑(二),KD-011
泰国街头搭讪美女,KD-004
娃娃女友炙热的爱液,RS-014
黑丝美乳兔女郎的报复,THY-0007
EP4,"RS-012, RS-012, MTVQ17, MTVQ17, MTVQ17, 情人劫密室逃脱, 情人劫密室逃脱, PMS-004"
性感女技师上门,"PS-022, PS-021"
巨象探花援交实录,SSN-003
黎芷萱,BLX-0027
米亚,"MD-0235, MD-0233, MD0223, MD-0227, MD0222"
EP3,"RS-012, RS-012, MTVQ17, MTVQ17, 女优擂台摔角狂热, 女优擂台摔角狂热, 情人劫密室逃脱, 情人劫密室逃脱, PMS-004"
巨乳服务生被醉客硬操,RS-013
白思吟,"MTVSQ2-EP9, MD-0256, MKY-NG-005, MDX-0245"
DB-013,渡边传媒
LAA-0069,MDUS系列[中文字幕]
宝贝加油世界杯,KD-017
EP2,"RS-012, RS-012, MTVQ17, MTVQ17, MXJ-0006-1, MXJ-0005, MXJ-0003, MXJ0002, 情人劫密室逃脱, 情人劫密室逃脱, PMS-004, 双子兄弟"
雪莉,MT-010
林怡梦,"MMZ-059, MMZ-067, MMZ-047, MMZ-044, MMZ-042, MMZ-048, MMZ-038"
按摩师的职业素养,LY-004
车站搭讪金发辣妹,PS-020
MM-069,无套系列
EP1,"RS-012, RS-012, MXJ-0005, MXJ-0004, 情人劫密室逃脱, PMS-004, 桃哥为国争光记"
粉红女仆诱惑,KD-016
赌球输女友,LY-003
S极神舌连续榨精,PS-019
蔡晓雨,"SH-005, SH-003, SH-003"
刘素娅,SH-011
关心语,SH-014
雨晨,"SH-001, SH-008, SH-009, SH-009"
谢冰岚,"SH-006, SH-006"
梦岚,"SH-007, SH-007"
余默,"SH-015, SH-015"
吴心语,"SH-013, SH-012, SH-013, SH-012, TMG009, TM0167, TM0161, XKG004, XK8123"
胡婧文,SH-010
韩梦嫣,SH-004
夏沫,"SH-002, SH-002"
爽操少妇喷白浆,MSD-113
以身受教的生理老师,LY-002
DORY,"MTVSQ2-EP6, MTVSQ2-EP5, MTVSQ2-EP4"
可儿,"MT-003, MT-016"
约见性欲超强大学生,PS-018
闹鬼民宿直播探秘,THY-0006
妻子闺蜜到访勾引,KD-014
兄妹情深插得更深,RS-010
地方妈妈的性解放,DW-003
MM-068,无套系列
姗姗 陈香宁 周甯 萝卜,MDC-GO-05
慕妍,MSD-110
激情3P黑丝巨乳家政妇,PS-017
赵一曼,"MMZ-060, MMZ-070, MAD-042, MAD-043, MMZ-056, MMZ-041, MAD-031, MMZ-036, MDX-0208, MDX0160"
姐姐给我的性启蒙,LY-001
DB-012,渡边传媒
女子借钱以身抵债,KD-013
保时捷美女修车记,PS-016
LAA-0077,MDUS系列[中文字幕]
猥琐男的饥渴梦境,THY-0005
张芸熙,"MD-0219, MD-0221, MD0218, MD-0212, MD-0234, MKY-NS-001, MDX-0239-02, MD-0213, MD-0215"
LTV-0032,MDUS系列[中文字幕]
夏晴子 岚湘庭 周甯,MDCEX-01
爆乳御姐洗浴服务,DW-001
搭讪混血兔女郎,PS-015
林思妤,"QX-001, MD0034, MDX-0223, MDX0189, 女友通话中被男友硬上, 91KCM-062, TMBC023, TMBC017, TMW098, TMW090, TMW047, PME-134, PME-131, PME-126, PME-113, PME-106, PME-104, PME-084, PME-077, PME-071, PME-063, PME-028, PMTC-016, PME-012, PMC-371, PME-004, PMTC-010, PMC-362, PMC-348, PMC-344, PMC-308, PMX-080, PMX-081, PMC-336, PMC-319, PMC302, PMX-080, PMC280, PMC275, PMC259, PMC239, PMC189, PMC187, PMC-157, PMC-155, PMC-117, PMC-141, PMC139, PMC115, PMC121, PMC119, PMC-074, PMC053, PMC-052, WTB-007, RAS-0165, RAS-0213, RAS-0216, RAS-0191, RAS0170, XKTC019, XKG041, JDXYX027, QDYP005, QD006"
MM-067,无套系列
吴茜茜,"MDAG-0012, MDWP-0029, MCY-0062, PME-092, PME-079, PME-072, PME-065, PME-041, PME-039, PME-033, PMC269, PMC241, PMC209, PMC207, PMC196, PMC194"
LAA-0076,MDUS系列[中文字幕]
近亲相奸的兄妹一媚药下的诱惑,KD-010
夏晴子 李蓉蓉 艾熙,"MDL-0008-2, MDL-0008-1"
遭遇调教女王,PS-014
LTV-0031,MDUS系列[中文字幕]
LAA-0075,MDUS系列[中文字幕]
和妈妈的肉欲,RS-008
未完成的色情片,HPP-0014
寂寞人妻找技师按摩,KD-009
温柔学姐的另一面,THY-0004
MTVSQ2-EP3,女神体育祭
LTV-0030,MDUS系列[中文字幕]
LTV-0029,MDUS系列[中文字幕]
LAA-0074,MDUS系列[中文字幕]
黎娜,"RAS-0183, TMG083, TMG084, TMG056, TMG055, TMW095, TMW087, TMW023, RAS-0145, RAS-0146, RAS-0206"
搭讪风骚女邻居,PS-013
洽谈业务时让每个男人都想要,DW-002
DB-007,渡边传媒
简一,"MMZ-069, MMZ-057"
十一假期旅游性事,KD-0012
MTVSQ2-EP2,女神体育祭
寻小小,"MMZ-064, MMZ065, MMZ055, MMZ-051, MMZ-050, MMZ046, MMZ-039, MDX-0238-01, MMZ-034, MMZ-037, MDX-0233, MMZ-032, MMZ-033, MMZ-028, MMZ025, MMZ022, 无套系列"
苗条模特约拍,KD-008
MM-066,无套系列
让我帮你洗,HPP-0021-02
调教人形肉便器母狗的捆绑痴狱,MT-008
师生3P荒淫的教师节礼物,MDHS-00020
意外发现姐姐的S属性,PH-080
DB-011,渡边传媒
欲求不满上门求操,PS-012
火辣御姐的淫情调教,MDX-0254
MTVSQ2-EP1,女神体育祭
性爱奉献激斗擂台,RS-005
野外露初Tent5,MTVQ19-EP5
女诈骗业绩不达标惨遭诈骗公司老板性虐,MT-012
上门服务童贞毕业,PS-011
岚湘庭 夏晴子 楚梦舒,MDCEXD-01
LAA-0034,MDUS系列[中文字幕]
泰国租妻趣闻录三两女自慰被发现,KD-0006
和妈妈的约定,RS-007
MM-065,无套系列
DB-010,渡边传媒
野外露初Tent4,MTVQ19-EP4
LTV-0028,MDUS系列[中文字幕]
LAA-0072,MDUS系列[中文字幕]
LAA-0071,MDUS系列[中文字幕]
被废柴弟弟满足的巨乳嫂子,THY-0003
周甯 林嫣,RR-016
苗条保姆被强奸,KD-0005
很硬的日文家教课,IA-004
夏日骚浪飨宴,MCY-0069李蓉蓉
青椒,MTVQ19-EP3
LTV-0027,MDUS系列[中文字幕]
水下性爱娃娃,MT-007
搭讪清纯高中生,PS-009
MM-064,无套系列
荒淫教湿节操翻骚货老师,THY-0002
DB-009,渡边传媒
操翻骚货老师,THY-0002
LAA-0066,MDUS系列[中文字幕]
中文老师情色勾引,KD-0007
倪哇哇,"MMZ-053, MMZ054, MDX-0238-05, MAD-030, MAD-026, MDX-0210, MDX0212"
夏日之恋下集,MAN-0010
LTV-0026,MDUS系列[中文字幕]
LAA-0065,MDUS系列[中文字幕]
搭讪最美女神,PS-008
LAA-0029,MDUS系列[中文字幕]
美乳姐姐和健身教练的深层运动,IA-003
性孽女拳手,MT-006
LTV-0025,MDUS系列[中文字幕]
夏日之恋上集,MAN-0009
LAA-0064,MDUS系列[中文字幕]
搭讪巨乳美少女,PS-007
我的英文洨老师,HPP-0026
LAA-0059,MDUS系列[中文字幕]
LAA-0062,MDUS系列[中文字幕]
泰国租妻趣闻录两个妻子的服侍体验,KD-0003
温泉泡著泡著就滑进去了,IA-002
巨乳少妇初次下海,RR-015
泰国租妻趣闻录第一集,KD-0002
天堂岛上集愿望成真的性爱天堂,MDL-0007-1
搭讪性感纹身大学生,PS-005
LAX-0072,MDUS系列[中文字幕]
LTV-0023,MDUS系列[中文字幕]
蜘蛛女侠的堕落,MT-005
MM-063,无套系列
前企划结束后演员相约的余温肉欲,HPP-0022-2
LAX-0071,MDUS系列[中文字幕]
LAA-0035,MDUS系列[中文字幕]
人妻被入室强奸,KD-0001
狂乱性爱泳池7P乱交趴体,IA-001
不情愿的援交少女,RR-014
AV番外篇,男优练习生EP2
情欲天堂的成名之路,男优练习生EP2
LTV-0022,MDUS系列[中文字幕]
被侵犯多次的女主播-王玥,GDCM-024
沈娜娜 楚梦舒,MD-0249
MD-0244骚淫巨乳诱惑小叔,孟若羽
LAA-0030,MDUS系列[中文字幕]
LAX-0070,MDUS系列[中文字幕]
与客户初次商谈被下药浅规则,THY-0001OL
看着姐姐给人操,MSD-108
MM-062,无套系列
盛夏激情的逐梦之旅,男优练习生EP1
男优练习生EP1,
LAX-0069,MDUS系列[中文字幕]
徐蕾 项子甯,MD-0252
LAX-0068,MDUS系列[中文字幕]
爆乳嫩妹秘密性爱,SSN-002
LAA-0027,MDUS系列[中文字幕]
LAA-0028,MDUS系列[中文字幕]
淫白大胜利下集做爱到一半被夜间突袭,RS-002
禁欲30日敏感的身体开发,RR-013
MM-061,无套系列
沈娜娜 韩棠,MD-0253
街头搭讪酒后少女,PS-004
劲爆毒龙初体验,MT-004
LAA-0063,MDUS系列[中文字幕]
LTV-0020,MDUS系列[中文字幕]
林襄,"MDHT-0009, MDWP-0022, MCY-0042"
LAA-0036,MDUS系列[中文字幕]
LAA-0060,"MDUS系列[中文字幕], MDUS系列[中文字幕]"
勾引同事被大量内射,RR-012
超完美性爱体验,性爱自修室EP6
LAA-0050,MDUS系列[中文字幕]
LTV-00019,MDUS系列[中文字幕]
海边搭讪多情女高中生,PS-003
DB-006,渡边传媒
街头狩猎,MDAG-0007
LAX-0067,MDUS系列[中文字幕]
LAX-0066,MDUS系列[中文字幕]
雪千夏 宋南伊,"MCY-0033, MKY-LF-016"
凌薇 周甯,MCY-0032
巨乳翘臀大对决,性爱自修室EP5
LTV-00018,MDUS系列[中文字幕]
苏语棠 李蓉蓉,MDSR-0002-EP4
LAX-0065,MDUS系列[中文字幕]
MM-060,无套系列
LAX-0064,MDUS系列[中文字幕]
潘雨曦,"MCY-0041, MKY-AP-002, MKY-MG-004, MTVQ11EP3, MTVQ11EP3, MTVQ11EP2, MTVQ11EP1"
紫色不夜城今天想要party,HPP-023
LAX-0063,MDUS系列[中文字幕]
沈娜娜 夏禹熙,MCY-0036
潮吹五连发健身教练湿透调教,SSN-001
失控相亲会之初见面激情内射,YK-003
真伪难辨假高潮,性爱自修室EP4
淫体核酸检测嘴和骚屄的精液采集,MT-002
淫白大胜利上集,RS-001
玥可岚 唐霏,MCY-0031
LTV-00017,MDUS系列[中文字幕]
DB-005,渡边传媒
搭讪早稻田女大学生,PS-002
LAX-0062,MDUS系列[中文字幕]
LAX-0061,MDUS系列[中文字幕]
唐霏,"HPP-022, MDWP-0021, MCY-0002, MKY-HM-008, MD-0205"
舒可芯 周甯,MCY-0030
季妍希 白靖寒,MKY-LF-015
LTV-00016,MDUS系列[中文字幕]
房天乐,MAN-0007
模特外拍拍出水,HPP-017
LAA-0058,"MDUS系列[中文字幕], MDUS系列[中文字幕]"
孟若羽 金宝娜,KH-001-02
少女惨遭继父诱奸,RR-011
DB-003-01,"渡边传媒, 渡边传媒"
岚玥,性爱自修室EP2
LTV-00015,MDUS系列[中文字幕]
被强奸的名媛,MSD-105
LAX-0060,MDUS系列[中文字幕]
巨乳妇网友被干到灵魂出窍,HPP-019
MM-058,无套系列
淫荡泡泡浴中俄混血美女的极致口活,MT-001
沉娜娜,MCY-0037
舒可芯 季妍希,MKY-LF-004
性爱自修室,原创节目企划
LAX-0059,MDUS系列[中文字幕]
LTV-00014,MDUS系列[中文字幕]
沈芯语,MD0076
娃娃,"KH-002, 91BCM-057, TMW042, TM0138, PME-130, PME-062, PMC-414, PMC-410, PMC-342, PMC-316, PMTC-003, PMC-331, xsjky066, xsjtc09"
赖畇希 白靖寒,MCY-0024
LAX-0058,MDUS系列[中文字幕]
LAX-0057,MDUS系列[中文字幕]
娃若,MSG-0002
潮吹出租车,RR-009
新人女优夏禹熙,MCY-0023
LTV-00013,MDUS系列[中文字幕]
苏语棠 管明美,MDSR-0001-4
LAX-0056,MDUS系列[中文字幕]
勾引房东丰满肉体抵租肉偿,RR-010
LTV-00012,MDUS系列[中文字幕]
父亲债务女儿肉偿,ODE-017
徐蕾 苏清歌,MDSR-0001-3
LAX-0054,MDUS系列[中文字幕]
南芊允 沈娜娜,MCY-0013
LAX-0053,MDUS系列[中文字幕]
上了兄弟看上的女孩,ODE-016
LTV-00011,MDUS系列[中文字幕]
波斯,MAN-0006
LAX-0052,MDUS系列[中文字幕]
淫纱花嫁,张芸熙
宋南伊 林芊彤,MKY-JB-009
LAA-0057,MDUS系列[中文字幕]
鲍鱼市成人海鲜,YK-002
荡妇卖身借贷,ODE-015
淫荡情侣难掩欲火,ODE-014
LAX-0051,MDUS系列[中文字幕]
LAA-0055,MDUS系列[中文字幕]
新人女优项子宁,MDAG-0005
穆嫣红,YK-001
LAX-0050,MDUS系列[中文字幕]
LTV-0008,MDUS系列[中文字幕]
丈夫面前情色按摩,ODE-013
徐蕾 梁芸菲,MCY-0006
LAX0049,MDUS系列[中文字幕]
赌场艳遇骚货女孩,ODE012
李娜,MSD104
LTV-0007,MDUS系列[中文字幕]
LAX-0048,MDUS系列[中文字幕]
街头狩猎EP3,MDAG-0003
台湾第一女优吴梦梦,"MM-056, MM-052, MM-051, MM-050, MM-047, MM-046, MM-043, MM-042"
DB-002,渡边传媒
骑人节特殊赠礼,ODE-011
LAX-0047,MDUS系列[中文字幕]
韩棠 宋南伊,情趣大富翁EP3
LAX-0046,MDUS系列[中文字幕]
LTV-0006,MDUS系列[中文字幕]
新晋女神林襄,MD-0245
沈娜娜 舒可芯,MKY-TH-008
白沛瑶 季妍希,MKY-KS-008
淫靡午餐时光,ODE010
LTV-0005欲不可纵,MDUS系列[中文字幕]
LAX-0045,MDUS系列[中文字幕]
LAX-0044,MDUS系列[中文字幕]
淫荡少妇诱惑家教,ODE-009
翁雨澄,"PMC113, PMC-133, PMC111, PMC077, RAS-0157, RAS-0169, QDYP001, QD001"
陈小雨,"MSD-088, MSD-087, MSD-079, MSD-078"
徐蕾 唐霏,MDX-0241-05
唐霏 夏晴子,"情趣大富翁EP2, 情趣大富翁EP2, 情趣大富翁EP1"
DB-001,渡边传媒
LAX-0043,MDUS系列[中文字幕]
 真木今日子 卯水咲,MXJ-0007-3
LAX-0039,MDUS系列[中文字幕]
街头狩猎之狂野奔放的秘密,MDAG-0001
天上人间二部曲,OS-004
LAX-0042,MDUS系列[中文字幕]
LAX-0023,MDUS系列[中文字幕]
 LTV-0004,MDUS系列[中文字幕]
雪千夏 凌薇,MKY-TH-004
LAX-0022,MDUS系列[中文字幕]
 LAX0021,MDUS系列[中文字幕]
吴芳宜,"PMC088, TMW121, TMG061, TMW114, TMW106, TMW099, TMW041, TMW027, TMW021, TMW018, TMW011, EMX-027, PME-116, EMX-023, EMX-022, PMC-462, PMC-452, PMC433, PME-054, EMA-012, PME-052, EMA-001, PMC-406, PMC-391, PMC-383, PME-020, PMC-372, PMC-365, PMTC-009, PMC-351, PMC-343, PMC-322, PMC278, PMC273, PMC267, PMC223, PMC200, PMC198, PMC176, PMC-174, PMC-149, PMC147, PMC-128, PMC126, PMC086, PMC-065, PMC064, RAS-0125, RAS-0150, RAS-0261, RAS-0265, RAS-0238, RAS-0239, RAS-0127, RAS-0203, RAS-0202, RAS-0114, EMG-013, EMG-007"
外派私人教学,MKYTH003徐蕾
 LTV0003,MDUS系列[中文字幕]
杨过x可芯,原创节目企划
 苏语棠 沈娜娜,MDX0241-3
风骚弟媳,RR-008
蜜苏 潘雨曦,MKY-KS-003
 真木今日子,"MXJ-0007-2, MXJ-0007-1"
潭英英,麻豆女优
LAA-0051,MDUS系列[中文字幕]
 宋妮可, MSD-096
 LAX-0041,MDUS系列[中文字幕]
 LAX-0040,MDUS系列[中文字幕]
 天上人间首部曲苏珊的肉体沦陷, OS-003
 唐霏, MKY-KS-001
 周甯, MD-0239
 凌薇, MKY-TH-002
LAX0030,MDUS系列[中文字幕]
LAA-0053,MDUS系列[中文字幕]
心动的信号EP5,MTVQ-15-5
LTV-0001,MDUS系列[中文字幕]
顾桃桃,"MMZ-052, MMZ-040, MDX-0183, MMZ-027, MMZ-030, MMZ-031, MDX0157"
乐天x楚梦舒,原创节目企划
 程诗诗,MDX0239-3
伊东爱瑠,"MXJ0008-2, MXJ-0008-1"
LAA-0054,MDUS系列[中文字幕]
LAX-0038,MDUS系列[中文字幕]
苏语棠 沈娜娜,"MDL-0006, MKY-TX-004"
LTV-0010,MDUS系列[中文字幕]
媚惑按摩师巨乳帮你全身按摩,RR-007
LAX-0037,MDUS系列[中文字幕]
周梦琪,MDWP-0016
管明美 徐蕾,MKY-WM-06
瑛瑛,原创节目企划
LAX-0036,MDUS系列[中文字幕]
陶子,"MAD-033, MAD032, MAD-029"
郭童童,"MSD-085, MSD064, MSD-065, MSD-059, MSD-060, MSD-054, MSD053, MAD016"
可爱妹妹勾引姐夫,RR-006
凌薇 苏清歌,MKY-HM-005
LAX-0035,MDUS系列[中文字幕]
林怡梦 顾桃桃,MMZ-058
乐天,MAN0004
心动的信号EP2,MTVQ-15-2
情色按机操洋妞,ODE-007
LTV-00009,MDUS系列[中文字幕]
苏小新,MSD-081
南芊允 苏清歌,MKY-WM-003
潘雨曦 徐蕾,"MKY-HM-002, MKY-HS-007"
LAX-0034,MDUS系列[中文字幕]
林晓雪,"MAD-035, MAD034, MSD-069"
林芊彤,"MKY-NS-005, MKY-TX-002, MDX-0229, MDWP-0007, MDX-0220, MDX-0213, MDX-0194, MD0187, MDX0172, MDX0155"
槟榔摊之恋下集,SG-002
韩棠 南芊允,MKY-WM-002
玥可岚 徐蕾,MD-0229
大尺度模特初次下海,RR-005
LAX-0033,MDUS系列[中文字幕]
许依然,"MSD-090, MSD-089, MSD-061"
鱼儿,HPP-0023-02
LAX-0032,MDUS系列[中文字幕]
李娜 苏小新,"淫欲游戏王EP7, 淫欲游戏王EP7"
槟榔摊之恋上,SG-001
LAA0067,MDUS系列[中文字幕]
夜店捡尸猛烈机操,ODE006
韩棠 白靖寒,MDX-0237-8
钟宛冰 言嘉佑,MAN-0003
韩诗雨,MAD-039
LAA0056,MDUS系列[中文字幕]
幸福的汤屋,HPP0020
活泼OL初次拍摄,RR-004
LAX-0031,MDUS系列[中文字幕]
"顾桃桃,理发师情欲按摩",MMZ043
时间停止器,"顾桃桃, 陶子"
李娜 郭童童,"淫欲游戏王EP6, 淫欲游戏王EP6"
沙月芽衣,"MXJ0002, MXJ0002"
LAA-0052,MDUS系列[中文字幕]
LAA-0040,MDUS系列[中文字幕]
张婉妍,"MAD-037, MAD-038"
LAA-0045,MDUS系列[中文字幕]
苏语棠 苏娅,MD-0217
空降女优送美艳女优到你家,RR-003
韩棠 苏语棠,MKY-HS-005
LAA-0044,MDUS系列[中文字幕]
艳遇出轨骚气甜心,ODE-008
文冰冰,"MDX-0238-04, MAD036, MDX-0207, MAD017"
新晋女神苏小新,MSD-080
元宵车轮战性爱篇,淫欲游戏王EP5
元宵车轮战节目篇,淫欲游戏王EP5
 Laxi Luna,LAA-0041
徐蕾 管明美,MDX-0237-4
LAX-0027,MDUS系列[中文字幕]
程诗诗,"MKY-TX-006, MD-0204, MD-0197"
超短裙长腿黑丝女上司,TT-007
无套系列,"MM049, 台湾第一女优吴梦梦, 吴梦梦"
穆雪,"MMZ045, MAD-022"
性感人妻勾引小叔,RR-002
LAX-0024,MDUS系列[中文字幕]
麻豆春游记,"MTVQ14-EP1, MTVQ14-EP1, MTVQ14, MTVQ14"
潘雨曦 苏娅,MD-0209
檀雅,"MDWP-0011, MKY-HC-003"
性爱篇,"性爱自修室EP4, 性爱自修室EP3, 性爱自修室EP2, 换妻EP1, 换妻EP1, 换妻EP2"
节目篇,"性爱自修室EP4, 性爱自修室EP3, 突袭女优计划EP12, 突袭女优计划EP11, 突袭女优计划EP9, 中日对抗EP3, 突袭女优计划EP8, EP1, 你好同学EP2, 你好同学EP1, 你好同学EP4, 你好同学EP5, TZ-070-EP4, 足球宝贝EP2, 足球宝贝EP3, 中日对抗EP4, 中日大对抗EP2, 中日大对抗EP1"
素人访谈女大生,RR-001
LAX-0026,MDUS系列[中文字幕]
LAA-0039,MDUS系列[中文字幕]
LAA0038,MDUS系列[中文字幕]
LAX-0025性感尤物渴望激情猛操,MDUS系列[中文字幕]
诚太郎,MAN-0002
逢见梨花,MXJ-0006-1
蜜苏 慕非非,MD-0207
MM-048,无套系列
苏娅,"MKY-AP-007, MSD-070, 蜜苏, 沈娜娜, 沈娜娜"
LAA-0037,MDUS系列[中文字幕]
艾秋 苏清歌,MKY-AP-004
LAA-0032,MDUS系列[中文字幕]
LAX-0015,MDUS系列[中文字幕]
璇元,"MDWP-0013, MKY-MG-002"
色话要不要,性爱自修室EP2
LAA-0031,MDUS系列[中文字幕]
徐蕾 凌薇,MDL-0005
LAX-0019,MDUS系列[中文字幕]
雪千夏 钟宛冰,MKY-MG-006
淫寓,MKY-AP-003艾秋
LAA-0023,MDUS系列[中文字幕]
天使同事的深度开发,OS-002
LAA-0022,MDUS系列[中文字幕]
LAX-0018,MDUS系列[中文字幕]
性爱自修室EP1,"MTVQ13-1-2, MTVQ13-1-1"
极致深喉口爆,PH-US-003
钢琴的错,SH-010
LAA-0021,MDUS系列[中文字幕]
LAX-0014,MDUS系列[中文字幕]
玥可蓝,MD-0203
LAX-0017,MDUS系列[中文字幕]
 新人女优 韩梦嫣,SH004
LAA-0046,MDUS系列[中文字幕]
赵一曼 顾桃桃 寻小小,MMZ049
肆章,鲍鱼的胜利
终章,鲍鱼的胜利
LAA-0043,MDUS系列[中文字幕]
LAA-0042,MDUS系列[中文字幕]
韩依人,MAD-023
高小颜,"MSD-040, MSD-039"
星谷瞳,MXJ-0004-2
黎儿,"MSG-0001, TMW186, TMW159, TMW153, TMW133, TMW125, TMW118, TMW108, TMW102, PMC-303, RAS-0306, RAS-0285, RAS-0264, RAS-0258, RAS-0250, RAS-0242, RAS-0224"
LAX-0012,MDUS系列[中文字幕]
LAA-0047,MDUS系列[中文字幕]
四人行情爱直播,ODE-005
LAA-0026,MDUS系列[中文字幕]
LAA-0025,MDUS系列[中文字幕]
四人行性愛直播,ODE-005
LAX-0016,MDUS系列[中文字幕]
陆子欣,"MSD-057, MSD-058"
初章,鲍鱼的胜利
宋妮可,"MSD-051, MSD050"
LAX-0011,MDUS系列[中文字幕]
LAA-0019,MDUS系列[中文字幕]
LAX-0010,MDUS系列[中文字幕]
性感女侍疯狂做爱,ODE-004
刘小琪,袁子仪
女优淫娃培训营EP6,袁子仪
LAA-0020,MDUS系列[中文字幕]
LAX-0009黑丝秘书痴狂性爱,MDUS系列[中文字幕]
MM-044,无套系列
LAA-0011,MDUS系列[中文字幕]
欧妮,"MSD048, MSD-042"
饥渴少女主动求欢,LAA-0012
陈美琳,"DD-002, MSD-049"
LAA-0013,MDUS系列[中文字幕]
LAX-0006,MDUS系列[中文字幕]
蜜苏家教老师的教学方式,MDX-0201
诱人俏女仆,LAX-0007
情欲小說家,叮叮映画DDF-001
林晚琬,DD-005
凌葳,"MDX-0196, PMC454, PMC-442"
宋甜甜,"MDX-0209, MSD030, MSD031"
LAA-0015,MDUS系列[中文字幕]
仙儿媛,"MDX-0190, MDX0123, TMW020, TMW013, XKG046, XSJ098, XSJ025, XSJ023, XSJ020, XSJ01, XSJ02, QD005"
LAA-0005,MDUS系列[中文字幕]
LAA-0014,MDUS系列[中文字幕]
火热教师性爱教学,ODE-002
张小九,MSD-041JK
蓝歆悦,MDWP-0008
冯思玥,DD-004
LAA-0006,MDUS系列[中文字幕]
苏蜜,MD-0130-2
OS-001,O-STAR监制
韩伊人,MDX0211
LAA-0002,MDUS系列[中文字幕]
宣萱,MSD047
LAA-0018,MDUS系列[中文字幕]
白若冰,"MMZ029, MDX0159, MDX0158"
LAA-0017,MDUS系列[中文字幕]
柯晓,DD-003
纪妍希,MDX0202
陆思涵,MTVQ11EP2
性感女星性爱泳池,LAA-0008
巨乳厨娘,麻豆达人秀
LAA-0007,MDUS系列[中文字幕]
LAA-0016,MDUS系列[中文字幕]
杨玉环,MSD035
姬咲华,EP1
害羞洋男与火辣亚女,LAA-0003
性爱瑜伽,LAA-0004
搭讪金发女郎,LAA-0001
张妮妮,MDX0174
店面实境拍摄,HPP0016
与华裔男子3P的绿帽新婚夜,ODE-001
袁采菱,MD0185
孙缇娜,MSD052
林雪漫 倪哇哇,MAD021
趙一曼,MDX-0161
恋爱咖啡馆,MDM003
AV篇,"突袭女优计划EP12, 突袭女优计划EP11, 突袭女优计划EP9, 中日对抗EP3, 突袭女优计划EP8, 你好同学EP4, 你好同学EP5, 足球宝贝EP2, 足球宝贝EP3, 中日对抗EP4, 中日大对抗EP2, 中日大对抗EP1"
诱人女上司,夏晴子
人妻堕落之路,欧妮
售楼员以身赔罪,顾桃桃
女王的SM调教,台湾第一女优吴梦梦
合意出轨的三人行,丈夫的绿帽癖好
痴女路边捡尸醉汉,秦可欣
网恋奔现骚阿姨,夏晴子
名媛的下午茶,MMZ035新人女优赵一曼
木下日葵,MXJ-0001-1
空姐的飞淫之旅揭秘篇,陈美琳
与女上司的同房夜,顾桃桃
强逼兄妹相奸还债,苏清歌
少女的恶梦,陶白白
城中村探花,HPP0015
摄影师浅规则,管明美
羞耻的闯关游戏,顾桃桃
魅惑姊夫的护士,白沛瑶
售楼小姐不择手段性爱行销,兮兮
弟弟的肉棒惩罚,沈娜娜
出轨同居男,韩宝儿
可爱女孩非亲妹,袁子仪
 欲火难耐逆推恒AV篇,欧妮
直击女神自慰实境节目篇,欧妮
寡妇的心愿,凌薇
吃醋女友的争宠秘诀,仙儿媛
空姐的飞淫之旅,陈美琳
强欲双修瑜伽,MMZ-018白若冰
麻豆传媒映画代理出品,人妻NTR醉夫面前禁声性爱
暗夜金钱游戏,韩宝儿
暗恋同激情庆生,生日献身大礼
桃色按摩院暗处偷拍,程诗诗
继兄的坏心机,秦可欣
我与姐夫的畸恋,顾桃桃
色从天降,李小婵
奇耙妹妹恋兄情结,文冰冰
麻豆传媒代理出品,盲女冰淇淋
男大生的初休验,艾秋
乱世佳人第三章,陈可心
豪迈浪荡女上司,台湾第一女优吴梦梦
潜入强上邻居少女,程诗诗
秽气破除激情双修,沈娜娜
淫乱加班维修工,郭童童
圆满多啦AV梦(下),沈娜娜
毕业旅行成为性奴,季妍希
爱在日落时,卢珊珊
观光车疯狂猛干,导游鲸吞女游客
夏语芯,夏晴子
双女神的淫蕩對決,淫娃射龙门
新年会老婆勾引上司浓密性爱,春节限定特别系列
淫味糖葫芦,春节限定特别系列
仙人跳跳跳,静静
24H贴身服务,性爱肉欲女仆
学生妹上门按摩被加钟玩弄,女高中生的秘密
异国女神情趣玩弄,美女荷官的情趣奖赏
性感姐姐被弟弟调教耍弄,肉体游戏机
男学生的性爱幻想,仙儿媛
被迫用淫穴还债的妻子,债主疯狂玩弄爆干
凤凰宝贝上门贴身服务,人生大贏家
欲求不满勾引上门年轻邻居,淫蕩人妻的偷情捉迷藏
巨乳旗袍诱惑,张芸熙
猥琐欲为报复傲娇女-沈芯语,时间静止
色色的纸牌調教游戏,运动女孩黎星若初登场
贵妇的极乐生活,凌薇
屌丝逆袭攻略,蜜苏
女性瘾者,苏清歌
雪千夏瞒着爹娘偷做爱,突袭女优新春特別篇
突袭男优宿舍(上集),艾秋
被强迫深喉口交暴力后入,极品性感黑道打扫
屌丝发财怒射满穴,高冷女神上门取精
办公室内强行口爱后入,色鬼老板的秘密潜规则
性玩物女孩的致富逆袭EP2,艾秋男友的玩弄調教
催眠系列下,沈娜娜
催眠系列上,沈娜娜
赌赢上司操他女儿,沈娜娜
真人性爱娃娃,沈娜娜
强迫口爆深喉爆力后入,演艺圈潜规则
淫荡魅魔激情引诱,吴梦梦无套系列
槟榔西施酒后乱性,吴梦梦无套系统
温泉内射之旅-吴梦梦,淫荡人妻欲求不满
土豪梭哈赌荷官一晚,吴梦梦无套系列
被学生强上爆操内射,風骚老师家访
真实春药肛交解禁-吴梦梦,春节限定特别系列
趁妹妹祼睡強行插入內射,猥琐哥哥偷窥风骚妹妹
性玩物女孩的致富逆袭EP1,吴梦梦女奴翻身做女王
饥渴姐妹强行榨精,一男尬两女
被男友的哥哥侵犯,秦可欣
3P激干性感荷官沈娜娜,幸運贏家的激情艳遇
钟丽琪,"浴室多P淫荡大战 蜜苏, 蜜苏"
女神再临光明再起,狼人插II
富二代嫖插知名女优,妹团有你之一路向色
性玩物女孩的致富逆袭EP3,夏晴子实录性爱影片外流
中奖男凌辱人性玩具,淫欲肉便器
色欲姐妹与姐夫的三人混战,沈娜娜]淫乱3P团圆火锅
青梅竹马的性爱练习曲,纯洁的爱爱
被我迷晕后干到高潮,兄弟的清纯女友苏畅
色诱有妇之夫的老师,清纯系学生妹妹苏畅
我老公是绿帽奴,白若冰
拜金前女友的跪舔服务,白若冰
家庭访问的性感老师,李曼妮
女优擂台摔角狂热EP2AV篇,沈娜娜
裸体家政妇,李曼妮
莫潇潇,MAD006
与表妹同居的日子,韩宝儿
受不了的激情乱伦,美艳后母的诱惑 
做个乖乖听话的小女孩,父债肉偿 
晨间的浪漫性爱,吴芮瑜
深夜加班的女友,林思妤
乳果莓有你,林思妤
英文私教的色诱,林思妤
芭蕉香蕉分不清,林予曦
兄妹蕉谈2,寻小小
青梅竹马的小秘密,韩宝儿
霸气丈夫性爱调教,蜜苏
南国性爱旅程,台湾第一女优吴梦梦
三分之一命运轮盘,秦可欣
大兴赌坊之淫行天下,倪哇哇
饥渴少妇赤裸勾引,季妍希
女友罐头,夏晴子
实习男优再进化,麻豆男女优生死斗EP1
成瘾游戏的绿帽惩罚,沈娜娜
兮兮,"琪琪, xsjky104"
束缚性奴,苏语棠
街头搭讪放荡护士,戚雨薇
欢愉情欲练习曲,胡心瑶
陈美惠,"EP1, EP3, EP2"
海莉的反霸凌行动,沈娜娜
强奸温柔嫂子,刘豆豆
侄女吃屌初体验,管明美
新人出道作,玥可岚
老板的母狗调教,白若冰
近亲乱伦职业脱衣裸聊,沈娜娜
女神的秘密(上),欧妮
性感尤物从天而降,沈娜娜
绝望的肉偿债款,周卿卿
家庭教师,"台湾第一女优吴梦梦, 雨晨"
与学妹共度性福夏日,李曼妮
恋爱辅助器,寻小小
家教姐姐的奖励,叶如梦
性感人妻的报复,白若冰
屌丝逆袭抽插富仇记,艾秋
国风系列,陈可心
淫欲理发厅,苏娅
乱伦性爱马拉松,苏娅
强上仙人跳渣女,白鹿
乱世佳人第一章,韩依人
姐姐的性爱教室,白鹿
出轨的妖艳少妇,袁子仪
情色早餐店,台湾第一女优吴梦梦
治疗篇,"换妻EP1, 换妻EP2"
精钱交易女家教,季妍希
网瘾少女的日常,白鹿
破产富二代的东山再起,仙儿媛
性奴养成记,寻小小
情欲赌后拍摄任务,苏语棠
书中自有颜如玉,秦可欣
女神的秘密(下),欧妮
巨乳表妹,台湾第一女优吴梦梦
绿帽老公的私欲,陈可心
排解继母的性需求,雪千夏
心机拜金女,KIKI
游戏女神空降来袭,沈娜娜
乱世佳人,韩依人
看不见的强迫性爱,韩棠
直播激情春宫秀,白靖寒
反叛女学生的逆袭,玥可岚
寂寞调酒站,韩宝儿
香艳姐妹新邻居,袁子仪
淫欲面试间,盼容
有钱能使妹开腿,艾秋
青春盛宴,艾拉
视讯会议的打扰,沈娜娜
大学的性福生活,周卿卿
课后性爱辅导,郭童童
痴女学员饥渴求欢,管明美
偷摄邻家淫妻,方紫璐
幸运裸体家政妇,蜜苏
机长偷吃翘空姐,倪哇哇
OL误上痴汉地铁,台湾第一女优吴梦梦
诱惑忍耐大挑战,凌薇
劫色清纯高校生,袁子仪
圆满多啦AV梦(上),沈娜娜
轮奸女家教,兮兮
丈夫的绿帽愿望,夏晴子
刘小芸,GDCM-057
爱丽丝,"91KCM-157, 91KCM-154, 91KCM-141, 91KCM-138, PMTC-051, JDSY030"
水水,FSOG-114
坏坏,"91KZM-156, 91KCM-143, 91KCM-140, 91KCM-074, 91YCM-049, 91KCM-071, 91KCM-070, 91BCM-024, 91BCM-023, 91YCM-048, 91KCM-047, 91KCM-046, TMW193, TMW189, TMG124, TMG123, TMW164, TMP0073, TMP0071, TMBC024, SAT0075, SATX025, SATX026, TMG078, TMG077, TMW146, SAT0074, TMW142, TMW140, TMP0038, TMW136, SAT0043, TMW111, SAT0037, RAS-0330, RAS-0132, RAS-0133, RAS-0301, RAS-0282, RAS-0272, RAS-0241, RAS-0211, RAS-0204, JDBC059, JDBC057, JDBC047, JDBC045, JD135, JDXYX024, xsjky109, xsjky099, xsjky094, xsjyh01, xsjky089, xsjtc11, XSJ159, xsjky068, xsjky063, xsjtc07, xsjky045, xsjbw013, XSJ134, xsjky029, XSJ125, xsjky018, xsjky006, xsjhg002, QDYP010, XSJ040, XSJ024, XSJ022, XSJ007, XSJ006, QD008"
梁云菲,"91YCM-084, 91YCM-083, 91YCM-043, 91YCM-036"
丽娜,"91KCM-153, 91KCM-123, TMG104, TMG102, TMG0101"
孤注一掷,GDCM-056
张群,"GDCM-055, GDCM-054"
晨曦,"91KCM-146, 91KCM-144, 91KCM-106, 91KCM-107, SAQP020, SAQP019, TMW123, SAJD019, SAJD020, JD146, JD142, JDBC022, dx-003, xsjyh03, xsjky067, xsjky058, xsjky057, xsjky037, xsjky031, xsjbw012, xsjhg012, xsjhg010, xsjbw003, xsjky004, XSJ041"
小玩子,"FSOG-113, FSOG-111"
李娜娜,"91KCM-145, 91ZCM-012, 91YCM-071, 91ZCM-004, 91ZCM-003, 91ZCM-002, 91ZCM-001, 91BCM-052, 91BCM-051, TML025, TMW181, TMQ004, TMQ001, TMW173, TML012, TML011, TML009, TMW166, TMP0079, TML003, TMW154, SAT0088, TMBC018, TMP0030, TMXL006, TMW127, TMXL005, TMW039, PMTC-047, PMTC-031, PME-050, PMC221, RAS-0305, RAS-0260, RAS-0300, RAS-0232, RAS-0171, RAS-0153, JDYL027, JDYL025, JDYL020, JDYA012, xsjky065, xsjky054, xsjky014, xsjky005, QDKY001, QDYP012"
日租套房的榨精按摩服务,91KCM-142
米欧,"91YCM-081, 91YCM-078, 91KCM-120, 91KCM-122, TMBC027, TMW129, PM-050, EMX-024, PME-108, PMTC-034, PMC-447, PMTC-027, PMC-420, PMTC-026, PMTC-026, PMC-394, PMTC-018, PMC-390, PMC-355, PMC-341, PMC-311, PMC-327, RAS-0293, RAS-0233, RAS-0225, RAS-0159, EMG-003, EMG-006, xsjhg008"
小敏儿,"FSOG-115, FSOG-108, QDOG-022, QDOG-018, FSOG-096, QDOG-012, FSOG-088, QQOG-047, FSOG-075, FSOG-085, QQOG-042, QQOG-018, QQOG-041, QQOG-038, FSOG-082, FSOG-071, QQOG-029, QQOG-031, FSOG-078, FSOG-076, QQOG-022, QQOG-017, QQOG-010, QQOG-009"
91兔兔,"FSOG-112, QQOG-037, FSOG-098, FSOG-093, FSOG-090, QDOG-010, FSOG-083"
白葵司,"91YCM-079, 91YCM-077, 91CKM-113, 91KCM-105, 91KCM-104, 91KCM-112, 91KCM-094, PMTC-052, PMTC-048"
爱悠,"91YCM-080, 91YCM-082"
恩恩,"91KCM-129, 91KCM-130"
艾丽丝,"91YCM-075, 91YCM-073"
巨乳搜查官,FSOG-107
小艾,"91KCM-121, 91KCM-119"
cola酱,"FSOG-103, QDOG-019, QDOG-015, QQOG-048, QDOG-009, FSOG-072, QQOG-044, FSOG-067, FSOG066, QQOG-040, FSOG-081, FSOG-070, QDOG-003, FSOG-073, FSOG-074, QDOG-005, FSOG-077, QDOG-004, QDOG-008, FSOG-079, QQOG-032, QDOG-006, QDOG-007"
樱桃,"QDOG-023, QDOG-020, QDOG-016, QQOG-050, XKTC024"
白瞳瞳,"91YCM-066, 91YCM-065, 91CKM-099, 91KCM-098"
人妻的诱惑与老婆闺蜜咸湿偷情,91KCM-110
Vita,"FSOG-097, FSOG-095, FSOG-091, FSOG-087"
金宝娜,"91KCM-109, 91KCM-108, 91BCM-022, 91BCM-021, 91YCM-047, 91YCM-046, 91KCM-048, 91KCM-049, 91TCM-004, 91TCM-003, 91KCM-018, 91KCM-017, 91KCM-010, TMW188, TMG133, TMG132, TMW160, TMW148, TMG052, TMG051, TMW105, TMG045, TMG046, PMTC-043, PMTC-033, PME-083, PME-056, PME-037, PME-031, PME-030, PMC279, PMC274, PMC265, PMC255, PMX072, PMX075, PMC229, PMC227, PMC205, PMC203, PMC193, PMC191, PMC089, PMC087, PMC048, PMC034, RAS-0329, RAS-0296, RAS-0288, RAS-0284, RAS-0222, RAS-0200, RAS-0190, xsjky042, XSJ132, XSJ103, XSJ122, xsjky015, XSJ072, XSJ071, QDYP002, XSJ010, XSJ005, QD002, QD003, QDSP001"
白允儿,"91YCM-064, 91YCM-063, 91KCM-060, 91KCM-061, 91BCM-006, 91BCM-002, GDCM-043, TMG109, TMG108, TMP0065, SATX032, TMP0063, TMBC016, TMBC012, TMBC007, TMG114, TMBC003, TMXL004, TMP0027, TMBC002, TMXL003, TMP0019, PME-122, PMTC-028, PMTC-007, PMC-332, PMX070, PMX060, PMC037, PMX-046, PMC027, PMC-019, XKGA019, XKGA017, XKG140, XKG136, XKG109, XKG104, XK8146, XKG065, XKG052, JDYA024, JDYA016, JDYA014, JDYA011, EMG-005"
冉冉学姐,"QDOG-017, QDOG-014, FSOG-089, QQOG-045, FSOG-086, FSOG-084, QQOG-023, QQOG-024, QQOG-026, QQOG-028, QQOG-033, FSOG-080, QQOG-035, QQOG-034, QQOG-036"
姐妹同性的快乐,91CM-255
惠子,FSOG-094
向若云,"91YCM-060, 91YCM-059"
李依依,"91YCM-062, 91YCM-061, 91KCM-097, 91KCM-096, 91KCM-045, 91KCM-044, 91BCM-003"
美橙,91BCM-053
卡瑞莎,FSOG-092
楚留香,"QDOG-012, QDOG-011"
绮罗,GDCM-051
小姨子误服老婆春药,91BCM-047
白曈曈,91BCM-042
"白曈曈,性感空姐诱惑亲姐夫",91BCM-041
仙儿嫒,"91KCM-091, 91KCM-090, TMW190, TML013, SATX010, TML020, TML016, TML014, TMW167, TMP0078, TMG098, TMP0076, TMG097, TMW163, TMBC032, TMP0069, TMBC029, TMP0067, TMW152, TMP0083, SATX023, SATX016, TMW119, TMW113, TMG050, RAS-0322, RAS-0130, RAS-0134, RAS-0267, RAS-0278, RAS-0266, RAS-0236, RAS-0199, XKQP40, XKQP36, XKTC051, XKTC048, XKQP009, XKQP005, JDBC043, JDBC041, JDY002, JDBC007, JDBC005, JDYA011, JDYA008, xsjky098, xsjtc16, xsjky078, xsjtc01, xsjky047, xsjky033, xsjbw009, XSJ127, XSJ123, xsjky009, xsjbw002, QDYP003"
白小七,"91BCM-040, 91BCM-039"
畇希,"91KCM-093, 91KCM-092, TMBC019, SAQP004, SAQP001, XKQP35, XKG145, XKQP004, SAJD004, JD140, JD137"
宛冰,"TMP0058, TMP0037, TMP0035, TMBC004, SAKY012, SAKY011, JDBC050, JDBC048"
特污兔,"QQOG-046, QQOG-043, QQOG-030"
森田佳奈,GDCM-050
晨晨,"91KCM-089, 91KCM-088, XKQP58, XKQP52, XKQP47, XKQP44, XKG182, XKG178, XKQP027, XKG159, XK8165, XKG155, XKQP021, XKQP016, XK8163, XKQP013, XKG110, XKG105, XK8147, XK8145"
星野未唯,GDCM-049
波尼,"91BCM-035, 91BCM-036, 91KCM-067, 91KCM-066, 91KCM-053"
西门庆,"QQOG-020, QQOG-019, TMX004, XSJ104, XSJ13, XSJ116, XSJ114"
隔壁骚妻裙底偷塞跳蛋,91KCM-087
唐伯虎,"FSOG-063, FSOG-065, FSOG-064, FSOG-011"
Nina,QQOG-039
纱织,GDCM-048
诱惑警花不开罚单改开粉逼,91KCM-082
粉色情人,"QDOG-002, QDOG-001, QQOG-014, QQOG-015, QQOG-012, QQOG-013, QQOG-011, QQOG-008, QQOG-001, FSOG-029, FSOG-015, FSOG-012, FSOG-009, FSOG-008, QQCM-009, QQCM-008, SAWY357, FSOG-002, FSOG-001, XSJ119, XSJ118"
疫情邻居诱奸清纯人妻,GDCM-047
咪妃,"91YCM-055, 91KCM-080, 91YCM-054"
绝色女贼偷窃被逮惨被强制抽插,91KCM-081
佳芯,"91YCM-044, 91BCM-029, 91TCM-008, TML027, TML023, TML021, TML017, TML010, TMP0082, TMP0084, TMG116, TMW137, TMG112, TMP0018, TMP0017, SAT0036, RAS-0268, XK8149, XKG090, XKG083, XKG079, XKTC028, XKG067, XKG055, JDYL013, JDYL015, JDYL023, JDYL022, JDYL019, JDYL018, JDYL017, JDYL014, JDYL016, OM-001, xsjky019, xsjky011, xsjky013, xsjky003, XSJ070"
Rona,"91YCM-042, 91YCM-040, GDCM-045, xsjky059, XSJ139, QXF002"
早川夏美,91YCM-039
百川麻衣,91YCM-038
美樱,"91YCM-037, 91BCM-019, 91YCM-021, 91CM-215"
悠悠,"91KCM-073, 91KCM-072, XKG020, XKG007, XKG005, XK8098, XK8084"
关玥婷,"91KCM-069, 91KCM-068"
李嘉歆,91KCM-063
安妮卡,QQOG-025
高瑶梨香,"GDCM-046, GDCM-044"
白潼潼,"91KCM-058, 91KCM-054"
妍儿,"91KCM-059, 91KCM-055, 91BCM-016, 91BCM-013, TMW128, TMW122, RAS-0253, RAS-0226"
吴凯彤,"91BCM-015, 91BCM-014, SAQP003, SAJD014"
唐雨霏,"91KCM-056, 91KCM-057, PME-007, PMC-162, JDTY008, JDTY007, JDTY015, XSJ101"
多莉,"91YCM-035, 91YCM-034"
白川麻衣,"91BCM-018, TZ-059"
明步奈,91BCM-017
希瑶,"91BCM-012, GDCM-041"
小柒,91BCM-011
锅锅酱,"FSOG-068, FSOG-059, FSOG-042"
三月樱花,"FSOG-069, FSOG-061, XSJ115"
亿米,QQOG-016
舒舒,"91YCM-033, 91YCM-032, xsjky116, xsjky106, xsjyh10"
白婷婷,"91BCM-009, 91BCM-008, XKGA008, XKG069"
91BCM-007,
班比,91TCM-005
林杏,GDCM-042
沉迷赌博一夜暴富房东女儿讨好我,91TCM-002
阴险的兄弟,91YCM-031
少妇被邻居调教成母狗,91BCM-001
极品女舔狗的粉色小骚逼,91YCM-028
打篮球受伤啦啦队妹妹照顾我,91TCM-001
约炮我到老婆的闺蜜,91YCM-030
恋爱和约炮的目的,91YCM-029
心机绿茶婊姐姐下药迷奸亲姐夫,91YCM-027
吉娜,GDCM-040
马尾白丝舞蹈生,FSOG-062
骚妻在盲老公前被爆操,91YCM-028
性感诱惑小野猫-粉色情人,QQOG-007
青春学妹纹身反差婊-粉色情人,QQOG-006
新婚之夜羞辱妻子,91YCM-027
啦啦队妹妹化身抖音变装女神,91KCM-031
婚前出轨老公兄弟,91YCM-026
OL少妇职场的淫荡生活,91KCM-038
半夜在兄弟家操他女友,91JCM-002
爆操误吃春药的极品校花同桌,91KCM-037
爆操路上遇见的黑丝女警,91KCM-043
美少女超敏感绝顶潮吹,GDCM-039
COS神里凌华-三月樱花,FSOG-060
骚女健身教练勾引学员肛交内射,GDCM-038
约到难搞的女总监,91YCM-014
和拜金小妈激情乱伦做爱,91KCM-042
下药性感老师变妓女,91KCM-041
半夜带着大屌修理淫学妹,91KCM-034
被肉食人妻榨干,91YCM-013
尤物学姐对我的酒后诱惑-小敏儿,QQOG-005
把妹妹套路上床干-小敏儿,QQOG-004
把妻子献给行长-张佳晨,GDCM-037
哟啪教授换毕业,91YCM-012
叫外卖操到性感小姐姐,91KCM-032
女友妈妈也成为我星奴隶,91KCM-030
浴室镜子前极致性爱-粉色情人,QQOG-003
油光白丝极品萝莉-粉色情人,QQOG-002
约炮约到儿子老师,91YCM-011
变态哥哥把妹妹调教成骚母狗,91KCM-036
艺校美女老师的淫荡出轨自述,91KCM-035
宅男程序员微信约炮骚气拜金女,91KCM-040
伪装者代号91-莉娜,GDCM-035
电竞陪玩上分失败的补偿,FSOG-058
爆操我的淫荡母狗老师,91KCM-033
婚纱情趣小粉逼-唐伯虎,FSOG-055
酒店前台的秘密兼职-小敏儿,FSOG-054
日租女友,91YCM-009
人妻报复出轨边接电话边娇喘申吟,91KCM-026
新来的室友是我初恋-李蕊,GDCM-034
古风清纯少女-不见星空,FSOG-057
口交指南之拯救阳痿患者-cola酱,FSOG-056
兽父爆操亲女,91KCM-039
班主任的课后辅导,91YCM-008
骚气妹妹勾引哥哥-程媛媛,GDCM-033
性感少妇为还债主动献身富豪,91KCM-025
萌妹萝莉误入摄影师的圈套-小敏儿,FSOG-053
你的专属猫咪-cola酱,FSOG-052
动漫女神取精宅男,91YCM-007
新晋首次性爱挑战-程媛媛,GDCM-032
新姿势爆操18岁学妹-唐伯虎,FSOG-051
汉服里的秘密-cola酱,FSOG-050
美少女陪我加班让我操,91YCM-006
母亲的秘密,91KCM-024
常青树前汉服妹-粉色情人,FSOG-048
社畜职场生存记-水水,FSOG-049
嫦娥奔月吴刚逆袭,GDCM-031
迷奸哥哥的漂亮人妻,91KCM-023
给小舅子约炮,91YCM-024
在朋友家干他的粉嫩女友-口罩酱,FSOG-047
网瘾少女的以性换租-粉色情人,FSOG-046
口爆性感修女夏洛特-不见星空,FSOG-045
狂赌之渊蛇喰梦子-不见星空,FSOG-044
给领导约个少妇,91YCM-023
张佳晨,GDCM-030
刘嘉佳,GDCM-029
成人用品的销售技巧-丝丝情人,FSOG-042
你的韩漫性感女友-粉色情人,FSOG-041
上司办公室自慰-许木学长,FSOG-040
日系巨乳骚女友频频求精-许木学长,FSOG-039
薛梦琪,GDCM-028
帐篷露营秘密性爱-粉红情人,FSOG-038
儿子给老子戴绿帽子,91YCM-019
Cola酱的性福生活,FSOG-026
死库妹妹海边激情-不见星空,FSOG-034
捕获小僵尸-不见星空,FSOG-036
性无能丈夫让妻子约炮,91YCM-018
性感黑丝全套大保健-丝丝女神,FSOG-035
约炮约到相亲对像,91YCM-022
姐姐给弟弟约炮闺蜜,91YCM-016
妹妹的秘密-李蕊,GDCM-027
嫩鲍的高潮2-唐伯虎,FSOG-032
淫欲精油游戏-cola酱,FSOG-037
粉红丝袜诱惑-小鹿酱,FSOG-033
欲望荡妇-丝丝女神,FSOG-030
约嫖朋友妹妹,91YCM-020
叶子红,"QQCM-021, QQCM-019, GDCM-017"
继母的秘密,QQCM-020
萌妹的性启蒙,FSOG-028
性瘾患者,FSOG-027
醉酒老公面前被操,91YCM-005
面基叛逆期少女-不见星空,FSOG-025
游戏陪玩的特殊服务-许木学长,FSOG-023
主人的专属萝莉玩物-粉色情人,FSOG-022
婚纱换装大作战-粉色情人,FSOG-021
林洋,"GDCM-023, GDCM-022, GDCM-018, GDCM-015, GDCM013"
小鹿酱,"FSOG-020, FSOG-010, QQCM-016"
梦里给老公戴绿帽子,91YCM-002
漂亮妹妹被表哥下药操得下不了床,91KCM-022
哥哥给傻弟弟约炮,91YCM-001
为了结婚讨好大舅哥,91YCM-004
寂寞少妇勾引邻居小哥啪啪,91KCM-015
黑丝萝莉的精液盛宴-唐伯虎,FSOG-018
约啪约到初中班主任,91YCM-003
范可可,"91KCM-016, 91CMX-001, 91CM-224"
近亲相奸之我的继母,91CM-254
变态继父给纯情女儿特别辅导,91KCM-021
王玥,"GDCM-021, 91KCM-007"
许木学长,"FSOG-016, FSOG-014, FSQG-005, FSQG-006, FSOG-003"
不见星空,"FSOG-013, FSOG-007, SAWY354, SAWY356, FSOG-004"
陶杏儿 王玥,GDCM-020
金钱诱惑上门的大一志愿者,91KCM-013
爱子心切母子乱伦,91KCM-019
网恋奔现操到同父異母的妹妹,91KCM-020
大学生惨被网约司机迷奸,91KCM-009
茉莉 白英,"GDCM-019, GDCM-011"
外卖小妹强上宅男程序员,91KCM-012
黛芬尼,91KCM-011
小林纱织,"91CM-252, 91CM-241"
到表哥家过暑假结果被强上,91KCM-008
苏雅阁,GDCM-016
美代,91KCM-003
夕海,91CM-251
云朵,"GDCM-012, GDCM-004"
嫂子炒币失败我用大屌安慰她,91KCM-006
高梨遥香,"91CM-247, 91CM-246, 91CM-245, 91CM244, 91CM-243, 91CM-233"
陶杏儿,"GDCM-014, 91KCM-005"
林洋王玥,91KCM014
小文,91KCM-004
李小萤 淫欲女家政,QQCM-018
肉欲新人小艺,91CM-250
小林杏,"91CM-249, 91CM-248"
茉莉 王玥,GDCM007
兰心洁,"QQCM-017, 茉莉, QQCM-007"
娜娜,GDCM-010
蒋梦琳,QQCM-012
余丽,"GDCM-006, GDCM-003, 91CM-225, JDSY006"
林凤娇,"91CMX-002, GDCM005, 91CM-163, TM0159, TM0157, TM0134, JDYP001, JDSY022, JD091"
董欣,"GDCM-009, GDCM-008, 91CM-220"
茉莉 兰心洁,QQCM-014
茉莉 兰心洁 蒋梦琳, QQCM013
茉莉,"QQCM-010, XKGA029, XKG135, XKG126"
前田由美,"91CM242, QQCM-001"
甜心,QQCM-006
谭苗苗,GDCM-002
萧悦儿,"91CM240, 91CM-235, 91CM-230, 91CM-217, 91CM-214JK, TMG004"
淑仪,"QQCM-005, QQCM-002"
我在探探上约的妹子,QQCM-004
张秀玲,"91CM-239, 91CM-237"
立花美羽,91CM238
美茹,QQCM-003
秦梦可,91CM-236
苏然,"GDCM-001, 91CM-209, 91CM-193"
酒井爱,91CM-234
宇佐爱花,"91CM-231, 91CM-228"
浅尾美羽,"91CM-232, TZ-099"
美竹铃,91CM-229
陆雪琪,"91CM-227, 91CM-207, 91CM-201"
唐月琴 董欣,91CM-226
肖悦儿,91CM-223
何小丽,"91CM-222, 91CM-218"
梁如意,"91CM-221, 91CM-208"
美樱 美竹铃,91CM219
叶柔,91CM-215
白晶晶,"91CM-213, 91CM-211"
赵雅洁,91CM-212
唐月琴,91CM-210
林丽,91CM-206
季晓彤,91CM-205
白雪,91CM-204
张淑仪,91MS-015
杜娟,91CM-203
张晴,91CM-202
唐倩,91MS-014
徐美娇,91CM-200
李萍,91MS-013
李曼丽,"91CM-199, 91MS-010"
卢珊珊,91CM-198
夏玉玲,91MS-012
离婚谈判,张子瑜
王蓉,"91CM-196, 91CM-180"
语文教师,徐洛瑶
刘小雯,91CM-194
国产女优白晶晶倾情演绎,妻子的谎言
91特派员拜金女2,金钱的诱惑
驾校教练用椿药放倒自家学员,只怪学员太迷人
骚媚大嫂勾引小叔子,欲望人妻李莎
真实拍摄泰国特色租妻子服务,泰国租妻
拼富吊凯子被识破,名媛
粉丝真实计划,绿帽先生
,
出轨老公下属,琳希主演
裸辞,张美娜主演
国产女优白娇娇主演,身体抵房租
沉沦,王有容
国产女优王有容主演,越狱
真实拍摄计划,"七七主演, 陈小云主演"
不论禁忌,错位
小偷上门偷窃,被强暴的人妻杨美娟
在男友面前被用跳蛋震到高潮,花样少女陈小云
离婚前妈妈干了儿子-杜鹃,以爱的名义 母子乱伦
堕落人妻4,玛丽莲
玛丽莲,堕落人妻
把妻子出卖给了债主调教,少妻奴隶董小宛 为了偿还债务
饥渴的洋妞,伊蒂丝
继母大胆进行性教育-聂小倩,发现儿子偷插充气娃娃
去领导家吃饭,换妻I
妻子失踪几天回到家的改变让我前所未见,消失的妻子聂小倩
过年女友带回家,我的继母恋人聂小倩
迷信的女人,韩小雅
岳母,李琼
母亲的新男友1,李琼
可恶岳母,李琼
恸哭大小姐,李丽
儿媳,丁香
考研的姐姐,张晴
张晴主演,偷情护士91CM-082
继母的劝慰,杨思敏
痛奸刻薄大嫂,白晶晶
离婚委托,陈若瑶
偷窥母亲性事发情,母亲的新男友二
戚小怜,李琼
用肉体给老公也带个绿帽,少妇报复老公出轨
大小姐的沦陷,张子瑜
91制片厂,寻找陈美惠
七夕,潘甜甜
女海王,卢姗姗
谢语彤,"91CM-149, 91CM-179"
弟弟的青春期,吴语菲
小姨,邓玉莲
被拐卖的外国美女,吉娜
重逢,卢珊珊
穿越到王者荣耀的世界,谢语彤
女外教,安娜
出差之旅,吴语菲
台湾粉红兔强强合作,七夕特献
大嫂,李师师
女优面试二,91新人
哥哥的小三,金巧巧
表妹18岁,谢语彤
恋母癖,杜娟
失恋33天,卢珊珊
合租男女,陈萌
女优面试一,91新人
91新人,"91MS-005, 91MS-003"
奥运选手下海记,美竹铃
慈禧秘史,林凤娇
潘甜甜,91CM-182
溫婉,91新人
教师节特辑,林凤娇
房客的妻子,杨思敏
爱在初夜,卢珊珊
猎头色诱术,金巧巧
被玷污的秘书,苏然
童顔女秘堕落日记,谢语彤
刘玥,91CM-187
36D巨乳淫女的肉体情欲,91新人
绿帽父亲受精女,戚小怜
童颜少女AV志愿,陈悠悠
吸精北欧名模,白色妖姬 -美乐蒂 ·雏
"金宝娜,淫荡女友的性癖好",TMW201
尤莉,"TMW199, TMG135, TMG134, TMW174, TMW171, TMG086, TMG085, TMW139, TMW126, TMG054, TMW110, TMW101, TMG040, TMW092, TMW089, TMW040, TMW09, TMW05, TMW001, RAS-336, RAS-0137, RAS-0275, RAS-0292, RAS-0262, RAS-0255, RAS-0249, RAS-0230, RAS-0192, RAS-0156, RAS0096, xsjtc17"
小敏,"TMG140, TMG136"
董月月,"TMG139, TMG137"
小欣,TMG138
十二星座的性爱开关EP12,SAT0091
性感白虎肉体法则,TMQ014
采缇,"TMW185, RAS-0307"
香月怜,"TMQ012, JD144, JD141"
十二星座的性爱开关EP11,SAT0090
按摩巨乳顶级炮架,TMQ011
叶宸欣,"TMW182, TMW017, TMW07, KM-007, RAS-0312, KM-005"
白溏,TMQ009
十二星座的性爱开关EP10,SAT0089
浓精内射极品白虎嫩穴,TMQ008
小婕,"TMG126, TMG125, TML018, TML015, TML001, TMP075, TMG094, TMG093, TMP0055, TMP0057, JDBC067, JDBC065, JDYL026, JDYL024, JDYL021, JDBC011, JDBC009, JDYA006, JDYA003, JDTY021, xsjyh06, xsjky093, xsjky075, xsjky061, xsjky049, xsjbw010, xsjky021, xsjky012, qdyp008, XSJ061, XSJ019"
约炮约到女特务,SATX011
纯洁礼服下的娇嫩白虎,婚纱换装大作战
旗袍女神被屌丝男内射,TMQ007
莉奈,"TMW179, TMW177, TMW169, TMW168, RAS-0308, RAS-0228, RAS-0229"
修车厂的极品女修理工,阿朱
崇洋媚外中出极品蜜穴,TMQ006
小母狗技师的JK制服诱惑,TMQ005
沈湘妮,"SATX008, SATX012, TMW094, RAS-0234, xsjtc02"
身材苗条胸部饱满,十九岁学生妹兼职外围
要和爸爸一起玩游戏,乱伦樱桃妹妹
你能干几炮,极品女神小桃萝莉性爱服务
爆插极致白虎嫩鲍,面基叛逆期少女
白虎嫩穴主动迎操,搭讪蜜桃臀学生妹
现在的大学生发育的这么好吗？,爆乳蜜臀
06级嫩穴妹妹的体操服性爱,TMQ003
大奶反差母狗的学生装诱惑,TMQ002
女武神小姐姐,极品COS女神爆机少女小萝莉喵小吉新作
十二星座的性爱天关EP8,SAT0082
柔伊,"TMG110, XKGA024, XKG129, XKG125, XKG121, xsjky071"
魏乔安,"TMW175, RAS-0295, RAS-0294"
白熙雨,"TMW172, TMG088, TMG087, TMW117, SAKY004, EMX-026, PMTC-044, PME-111, EMA-014, PMC-421, EMA-003, PMC-387, PMC-378, PMC-356, PMC-340, PMC-317, PMX055, PMX-055, PMX047, PMC-022, RAS-0254, RAS-0257, RAS-0231, XKGA012, XKGA006, XKG082, XKG057, JDBC040, JDBC038, JDTY010, JDTY009, JDTY012, xsjky056, xsjky041, xsjbw015, xsjky022, xsjbw011, XSJ009, XSJ008"
十二星座的性爱开关EP7,SAT0078
白童童,"TMG106, TMG107, XKQP34, XKG144, XKQP003"
林可菲,"TML008, TML006, TML004, TML002, PME-103, PMC301, JDBC070, JDBC068"
享受被孽的性感空姐02,SAT0085
享受孽人与被孽的性感空姐01,SAT0084
十二星座的性爱开关06,SAT0081
王以欣,"TMG092, TMG091, TMG048, TMG047, PME-026, PME-006, PME-003, PMC184, PMC-145, PMC-143, PMC137, RAS-0196, RAS-0195, JDBC027, JDBC025"
十二星座的性爱开关EP5,SAT0080
极品黑丝顶级高颜值约炮,极品女神约炮
米妃,"TMW157, TMG082, TMG081"
神明少女,三月樱花
桌球陪玩,三月樱花
极品风骚姐妹花轮番上阵各种姿势直呼受不了,超留白
结婚不久下海兼职,已婚少女
弟弟全程录你和骚逼姐姐做爱,真实乱伦
性感老师的课后性爱辅导,TMP0081
高启强x陈书婷,TMW162
超级公务员02,SAT0077
超级敏感,附近小区约到的妹子
花5000高价约炮极品车模上来就要开干,天美千语
恶魔娇妻的居家日常,三月樱花
超级公务员01,SAT0076
尤娜,TMBC025
李薇薇,"TMP0062, TMP0060, PMC-473, PMC-468, PMTC-035, PME-093, PMC-453, PME-080, PMC-438, PMC-428, PMC290, PMC270, PMC260, JDBC069"
单身独居男网上点小姐，被吸干抹净,SATX027
陈书婷,SAT0087
天美锅锅酱,SAWY333
安琪,SAWY326
口罩酱,"SAWY324, SAWY323, SAWY322"
极品反差婊元气少女沦为骚气小母狗,SAWY381
江城,SAWY301
OG,SAWY300
莎莎,"SAWY299, TMP0043, TMP0045"
益达,SAWY298
球球,"TMG120, TMG120"
SUNNY,TMW145
咪妮,"TMG074, TMG073, TMW138, SATX014, TMG066, SATX006, TMXL007, TMG065, RAS-0274, RAS-0273"
RONA,"TMP0080, TMBC010, TMBC009, JDYA022, JDYA019, JDY001, xsjky043, QDYP011, XSJ018"
小遥,"SAQP016, SAQP015, SAT0068, SAT0065, SAT0061, SAT0058, SAJD017, SAJD018, SAJD015, SAJD016"
妇科医师的鲍鱼野望,SATX020
MOMO,"SAQP013, SAT0071, SAT0069, SAQP005, SAJD013, SAJD005, JD143"
缃缃,"SAQP012, SAQP008, SAQP007, SAQP002, SAJD012"
何安汝,"TMBC008, JDYA017"
伊伊,"TMG117, TMG111"
吮吸假阳具手淫,性感辣妹
在捷运车厢跟美女清洁工做爱,SAT0070
女友偷吃,TMP0036
雨菲,SATX013
阖家啪啪庆团圆EP2,SAT0067
十二星座的性爱开关EP4,SAT0064
时装模特儿的秘密,AJY001
阖家啪啪庆团贺EP1,SAT0064
Emma,"SAQP009, SAQP006"
依依,"TMG068, TMG067, xsjky105, xsjky025"
李微微,"TMP0026, JDBC071, JDBC039, JDBC037, JDTY019"
十二星座的性爱开关EP3,SAT0060
十二星座的性爱开关,"SAT0057, SAT0054"
和大学同学玩大老二输了脱一件,SAT0056
寸止挑战8家教老师,TMY0035
被强奸的女王前台_batch,TMY0033
程葳,"TMXL002, PMC-432, xsjky090, QXF001"
捷运上的被害妄想症骚妹,SAT0053
女间谍潜入下春药色诱,TMXL001
好兄弟女人把我吃醒,SAT0052
台北婊子图鉴EP2,SAT0051
羽芮,"TMW120, TMG058, TMG057, TMW107, TMW104, TMG039, TMW093, TMG038, RAS-0252, RAS-0210, RAS-0180, RAS-0220, RAS0162, xsjky026"
啪啪换装娃娃EP2,SAT0050
恋上冥婚美人儿EP2,SAT0049
世界杯探案之台湾风云EP4,SAT0048
赏金女猎人EP2,SAT0042
台北婊子图鉴1,SAT0041
Angle,SATX004
晨希涵,TMW112
啪啪换装娃娃1,SAT0040
究极痴女逆袭强制射精2,SAT0039
丝丝,"SATX002, SATX003, SATX001"
四眼宅男告白失恋学妹,TMG053
甜甜,"TMG029, XK8180"
恋上冥婚美人儿01,SAT0038
STACY,"TMW109, TMW0100, RAS-0219, RAS-0201, RAS-0187, AS-0207, RAS-0194, QDYP006, XSJ017"
南兰,SATV001
调教新人美女房仲,SAT0035
寸止挑战7瑜伽性解放,TMY0032
世界杯探案之台湾风云,SAT0034
二十四小时女优的私密生活,SAT0033
李家葳,"TMG042, TMG041"
赏金女猎人,TWA0032
究极痴女逆袭强制射精,TWA0031
我的妹妹超好色,TWA0030
程悦,TMG015
捷运小恶魔女2,TWA0029
仙女嫒,TMG049
某日和很久不见的青梅竹马相遇下集,TWA0028
性感房仲魅惑交屋,TWA0027
妻子的复仇,TWA0026
寸止挑战6,TMY0031
徐婕,"TMW097, TMW085, RAS0147"
性爱假专家,TWA0025
思春期的诱惑1,TWA0024
寸止挑战5黑丝空姐,TMY0030
某日和很久不见的青梅竹马相遇上集,TWA0023
和憧憬的美女老师发生亲密接触,TWA0022
性爱蜜G第二期,SAZY002
性爱蜜G第一期,SAZY001
四人海滩露营炮旅野外骑乘连续高潮,TMW091
舔狗养成日记,TWA0021
诈色沟通师02,TWA0019
捷运小恶魔女,TWA0020
吵架了就来一炮,TWA0018
夏雪,TMG007
暗恋的女同学用美腿逼我射精,TWA0017
爆操JK嫩妹,TMY0029
豪放女与渣公子,TWA0016
被上司玩到高潮也得继续监视,TWA0015
寸止挑战4,TMY0028
摄像师诱奸黑丝学妹,TMY0027
海棠,TMG030
遇见18岁的他02,TWA0014
工具人的春天02,TWA0013
霸总女保镖,TWA0012
署假一楼一凤买可乐01,TWA0011
与弟弟女友假戏真做,TMW084
变成好友爆操淫荡婊子,TMW083
夜店狂欢马上约炮,TMP0016
工具人的春天01,TWA0004
通淫算命师01,TWA0003
万能键盘01,TWA0002
一觉醒来我变女生啦01,TWA0001
约炮配对极品校花,TMP0015
专属泄欲肉便器,TMP0014
万能键盘02,TWA0010
极道小妈,TWA0009
一觉醒来我变女生啦02,TWA0008
高端渣女,TWA0007
遇见18岁的他01,TWA0006
歌唱挑战80分就可以趴趴趴,TWA0005
人鬼交欢时刻独自旅行的鬼交合日记,TMW078
老婆送的年轻辣妹,TMP0013
夏日游艇海上激情与船长一起高潮,TMW081
女儿给我难以置信的快乐,TMG028
喝醉的痴女上司,TMW077
年轻女家教勾引大学生,TMG027
失恋后坦率的心,TMW076
老婆性冷感只好找啪友,TMP0012
周末宅家插妹妹,TMY0026
护士小姐的帮助,TMX008
素人约会温泉之旅,TMW075
相亲对像竟是外围女,TMG026
寸止挑战3医院小故事,TMY0025
痴女幽灵阴魂不散,TMW074
同城妹妹无套约啪,TMP011
单身上班族情人节约啪,TMP010
乖巧顺从的表妹,TMY0024
兔女郎中秋派对摄影会淫荡开射,TMW080
直播卖假货被客人用大鸡巴惩罚,TMW073
出轨人妻被小叔乱伦,TMG025
大学生哟啪破处初体验,TMP0009
欲求不满的干妈,TMW072
明艳动人的表妹,TMY0023
我的小表妹是援交女,TMG035
舞蹈老师训练筋软的秘密,TMG034
想确诊就跟我做爱吧,TMW071
售楼小姐卖身冲业绩,TMX007
无良医师假诊断真插入,TMW070
打游戏输了打炮慰藉,TMY0021
寸止挑战雨后小故事,TMY0022
署假来我家玩的表妹2性奴养成,TMY0020
女上司沦为欲望奴隶,TMX006
用蜜穴教训辟腿渣男,TMW069
妹妹失恋就吃我的肉棒,TMG033
古风圣女失身记,TMY0019
用金钱收获女儿的小穴,TMG032
性爱机器人,TMY0018
上班主自慰被抓包,TMW068
娜娜的秘密,TMY0016
隔壁的护士姐姐到我家自慰,TMG031
署假来我家玩的表妹,TMY0017
阳痿治疗秘术,TMX005
女儿的特别礼物,TMW067
职场菜鸟惨遭潜规则,TMW065
只要抖内就可以干,TMW064
女大学生下海记之导演潜规则,TMY0013
神棍风水师诈骗清纯少女,TMW063
勾引闺蜜男友,TMY0012
女大学生下海记-只为交学费2,TMY0011
女秘书的工作,TMX003
女大学生下海记-只为交学费,TMY0009
女大学生下海记,TMY0008
嫂子的特殊请求,TMY0010
姐姐勾引我,TMY0007
实况性爱娇羞葳葳,TM0170
巨乳淫魔来袭无止尽的榨干精液,TMW062
偷窥妈妈自慰,TMY0006
工具人的复仇复不到你我就干死你,TMW061
不伦约炮前男友放荡女伴的出轨蜜穴,TMW060
母狗养成计划1,TMY0005
处男约啪初体验超淫荡护士居家性治疗,TMP0008
ASM体感直播超色情颅内高潮,TMW059
被面试官侵犯,TMX002
出租车司机强奸醉酒美女,TMG024
爆操刚要结婚的小护士,TMG023
名人性爱故事,TMW058
傲娇白富美约啪寻爱,TMY0004
大胸女教师被学生3P轮操,TMG022
御姐丝丝与姐夫的激情偷爱,TMY0003
素人甜心性爱初体验,TMY0002
水电工爆操少妇差点被发现,TMG021
只专属我的淫荡女仆,TMW057
我哥交了新女友,TMW056
性爱健身房教练的私密培训,TMY0001
大胸母女勾引家教被爆操,TMG019
四人通铺下给兄弟带绿帽,TMW055
匿名约啪调教小婊妹,TMP0007
富婆的专属小穴按摩师,TMX001
私人教练到府开操,TMW054
年轻嫂嫂乱伦小叔子,TMG018
蛮横女住户变身小母狗,TMP0004
情欲人偶发情中,TMW053
真实约啪女教练性爱健身,TMP0003
爆操骚货亲姐姐,TMG016
约啪搞上高冷黑丝秘书,TMP0006
年轻岳母偷上准女婿,TMG013
民宿叫床吹到醒,TMW052
醉后淫女上错床早上醒来再来一发,TMW051
维里娜,"TMW050, RAS0166, RAS-0164"
让娇蛮堕姬喝下毒药,TMW049
约啪竟约到初中女教师,TMP0002
名人性爱故事微醺催情就上床,TMW048
何欣欣,TMG017
小哥哥下载约啪APP内射喷水骚穴,TMP0001
夜夜,"TMW046, TMW044, TMW02, RAS-0101, RAS-0184, RAS-0168, RAS0148, RAS0155, RAS0154, RAS-0158, HJ-084, HJ-081"
绯里娜,TMW045
李可欣,"TMG005, TMG008, JDYP005"
莉莉,"TMG020, TMG012, XKG-8127"
徐夜夜,"TMW038, TMW033, TMW024, TMW014, TMW012, TMW08"
乐淆雪,"TMW035, TMW030, TMW028"
羽熙,"TMW037, TMW022, TMW019"
鲍鱼焖鸡上菜啰,TMW034
乐雪淆,TMW032
叶予曦,"TMW029, TMW026"
 徐夜夜, TMW025
性感医生小姨带着我破处,TMG010
体育系坏学生硬上性感女教师,TMG001
夏宝,"TMG006, TM0169, TM0160"
淫荡小妈继子住被操哭,TMG003
表哥偷偷下药搞定漂亮小表妹,TMG002
真实兄妹之妹妹说不许乱伦,TMG004
華根初上2,真田弦一华
熙熙,"TM0168, RAS-0143, RAS-0144, xsjtc04, qdyp009"
淫乱贺图拍摄现场,TMW015
伊琬琳,"TM0166, TM0162, TM0156"
華根初上,真田弦一华
王小妮,TM0165
娜宝,TM0164
抖阴旅行射第14期,DYTM013
亲兄弟换妻4P,TM0163
实力调教水汪汪的风骚白带妹,赵公子探花视频
实力调教风骚女教练先爆操再颜射,赵公子探花视频
看着瘦小的白带妹操起来不但紧还很耐操,赵公子探花视频
3P大战爆草瘦小极品清纯妹,赵公子探花视频
大屌无套爆操双马尾学妹,赵公子探花视频
猛干乖巧纯欲系少女,赵公子探花视频
强势调教性感私人教练,赵公子探花视频
实力约战乖巧清纯学生妹,赵公子探花视频
自拍领导的交易工具,赵公子探花视频
2022贺岁电影,TMF001
伊璃琳,TM0158
韩焉,"TMW06, TMW04"
抖阴旅行射第13期,DYTM013
李思思,"TM0155, TM0145"
虞姬,"TM0154, TM0142"
丽萨,"TM0153, TM0144, TM0137"
顾小北,"TM0152, 王小妮"
黄灿,TM0150
中岛芳子,"TM0151, TM0149"
抖阴旅行射第12期,DYTM012
抖阴旅行射,DYTM011
顾小北 虞姬,TM0146
艳母5,TM0143孟若羽
万静雪,TM0141
杨雪,TM0140
沙美辰,TM0139
抖阴旅行社第十期,DYTM010
林妙可,TM0136
小白,TM0133
强上傲娇萝莉大小姐,林妙可
"校花争风吃醋,社会大哥人财两收",被欺凌的高中校花
巨乳少妇成了我的室友,沙美辰
裸聊骗局害了好妹妹,雨琪
重庆山水古城安居,抖阴旅行社第九期
色情公寓EP7,花语柔
色情公寓EP6,尤莉
淫母爱肉棒,TM0024
我是當午,你是鋤禾
風騷女友在线勾引,与不爱穿内裤的女友
卖身救夫少妇律师,沈茹雪
不伦企划父亲节,夜夜
一起再看流星雨2,赵雅琳
胡蓉蓉,叶梦语
林小樱,董小宛
母亲节不伦企划,吴芳宜
天美传媒,寂寞公公骚儿媳
汁女奸牛郎,林妙可
被偷窥的卧房,艾莉
赵雅琳,沙美辰
致命女人,苡若
我可爱的女儿,落落
教师节企划,张雅婷
教室强干纯情女高中生,尤莉
变态父女,万静雪
抖阴旅行社第七期,DYTM007
黑暗幼女安妮,雨桐
风骚中介的特别销售,落落
极品骚护士,张雅婷
林沁儿,"PMTC-053, PMTC-040, PME-095, PME-088, PME-053, PME-051, PME-023, PME-021, PME-035, PME-034, PME-009, PME-002, PMC292, PMC282, PMC222, PMC201, PMC199, PMC177, PMC175, PMC-153, PMC-151, PMC129, PMC-127, PMC124, PMC122, PMC067, PMC066, PMC051, PNC050, PMC039, PMC-040"
金莲,"PMA-002, EMS-007"
岚可彤,"PMTC-049, PMTC-045, PME-128"
BabyKitten,"PMU-004, PMU-003"
艾玛,"PMC-475, PME-119, PMTC-036, PMC-450, PME-078, PME-074, PMC-416, EMA-009, PMC-360, PMC-328, PMX078, PMC263, PMC253, PMX059, PMC102, PMC097, PMC095, PMC104, PMC047, PMC-026, PMX-042, PMC015, PMX034, QDYP004"
雨婷,PMA-001
唐雨菲,"PMC-471, PMTC-042, PM-047, PM-046, PMC-458, PME-098, PMC-448, PMTC-029, PME-064, EMA-011, PME-045, PME-043, PME-027, PME-008, PMC295, PMC250, PMC188, PMC186, PMC-164, PMC148, PMC146, PMC070, XKTC022"
思乐,"EMS-006, EMS-005"
唐茜,"PME-123, PME-099, PME-068, PME-060, PME-044, PME-042, PMC-377, PME-011, PME-010, PMTC-014, PMC-368, PMC-333, PMC306, PMC296, PMC284, PMC245, PMC212, PMC210, PMX063, PMC-156, PMC-152, PMC-150, PMC-154, PMC130, PMC105, PMC103, PMX053, PMC061, PMC062, PMC055, PMC054, PMC030, PMC020, PMX-039, PMX036, PMC012, PM040"
吴恺彤,"PME-121, PMX-116, PME-096, PMC-313, PMX-082, PMC-330, PMC293, PMC098, PMC076, PMC063, PMC056"
雪霏,"PME-120, PMX-117, PME102, PME-073, PME-048, PME-046, PMC-398, PME-019, PME-018, PM-044, PMC-366, PMC-329, PMC-307, PMC300, PMC214, PMC-173, PMC-171, PMC-165, PMC-163, PMC116, PMC114, PMC085, PMC083, PMC071, EMX-001"
BadyKitten,PMU-002
张敏娜,"PME-089, PMC283"
苏旋,"PMC-441, PMC-427, RAS-325"
李墓,PME-067
李慕,"PME-059, PME-040, PME-025, PME-038, PME-005, PMC264, PMC254, PMC244, PMC234, PMC206, PMC185, PMC183, PMC144"
张宇芯,"PME-057, PME-055, PME-017, PME-016, PMC228, PMC226, PMC-169, PMC-168, PMC-167, PMC-166"
林曼芸,"PME-049, PME-047, PME-029, PMC217, PMC192, PMC107, PMC120"
倪菀儿,PMC-399
周宁,"PMTC-022, EMG-004"
淫欲神棍双修少妇改运,PMTC-021
Letting Go,PMTC-015
苏念,PMC-338
黑丝女UP主直播做爱,PMC-320
孟若羽巨乳表妹被操得叫爸爸-,PMC297
极致体验妈妈的叫醒服务,PMC289
温芮欣。按耐不住强奸外甥女,PMC291
欲望女上司强逼下属操自已,PMC288
李乐乐,PMC266
自慰小妈被继子操翻,PMC257
大屌操爆女医生操得哇哇叫,PMC262
忍不住迷奸年轻小妈,PMC256
顺丰快递员怒操巨乳少妇,PMC251
强欲小妹淫逼表哥做舔狗,PMC249
寂寞大嫂哀求小叔把自已操哭,PMC252
雷梦娜,"PMX073, PMX058, PMX-052, PMC033, PM-042, PM-042, PMC-025, PMX040, PMC013"
张欣妍,"PMX071, PMX054, PMX-050, PMC-038, PMX045, PMC021, PMC-018"
大三妹妹用小穴安慰失恋的哥哥,PMC246
街头搭讪诱奸漂亮女大生,PMC232
变态学生迷奸女私教,PMC225
强欲女医师约炮被操得叫爸爸,PMC224
表妹为钱跪求表哥猛操自已,PMC219
乱伦守寡的寂寞大嫂,PMC220
继女不叫爸爸被怒操,PMC213
老公出差骚妻乱伦小叔子,PMC216
和小叔偷情差点被抓到,PMC215
叫鸡叫到女上司把女上司当母狗操,PMC218
色欲熏心强奸亲妹,PMC211
爆乳女大生破处幻想,PMX065
美艳少妇巨乳诱惑,PMX064
哥哥看黄片跟妹妹乱伦,PMC182
陌陌约炮电视台女主播,PMC-170
白星雨,"PMX-062, PMX-051, PMX048, PMC029, PM-041, PMX-041, PMC-014"
兽欲叔叔淫逼姪女操到求饶,PMC142
强欲弟弟迷奸亲姐姐,PMC135
巨乳女儿喝醉被兽父强上,PMC138
翁压雨澄,PMC131
唐茜父子接力赛轮操欲求不满的小妈,PMC132
林蔓芸,PMC109
王筱璐,"PMC093, PMC091"
觊觎财富下药无套乱伦亲哥哥,PMC081
爆操拜金女保险销售,PMC075
 发情姐姐被亲弟同学爆操, PMC073
 哥哥无套强上不爱穿胸罩的亲妹, PMC078
没忍住竟和同学下药迷奸嫂子,PMC069
裸贷表妹跟表哥借钱被狠操,PMC068
金宝媛,PMC041
林语桐,"PMX044, PMC-017"
静静,"PMX-037, PMC010, JDBC019, JDBC017, JDBC012, JDBC010, JDBC004, JDBC002"
"辉月杏梨,陈圆圆",PMD006
飞鸟与蝉,音乐爱情故事
女优空窗看片泄欲,孟若羽
桃色春晚贺新春,梦娜淫春独家影片
返家乱伦之欢,精童欲女过大年
下播实况主播自慰流出,单女诱惑
无套中出,PM004
神棍双休信女,苏艾文
清纯OL绑架轮奸,唐茜
EP4驯服,职场冰与火
LYDIA音乐爱情故事,李燕
空姐的淫乱秘密,雷梦娜
錯位時空,季研希
来自房东偷窥的爱,桃依依
三亚企划EP02,陈圆圆
迷奸妻子姐妹,斑斑
午夜猎艳未果欲火难耐,季妍希
台湾水电工,王筱璐
全程多角度偷拍,狂热粉丝自拍成都校园草鸡狂魔系列
女大生的AV女优面试,王筱璐
火辣保母大胆泻欲,宁静
强暴我的一日女友,陈圆圆
呆萌巨乳,纯情护士
花语柔,"KM-011, KM-003"
賴畇希,RAS-0311
櫻櫻,RAS-0314
艾莉,RAS-0097
喜儿,"RAS-0006, RAS-0005"
RAS-141,HJ-090
007,RAS-0149
白熙羽,RAS-0304
韩宝儿,KM-004
完全主观甜蜜约会,黎儿
求升职出租炮房,李娜娜
宝儿,KM-001
圣诞物语,佳芯
洁咪,"WTB-003, QD012, QD009"
费爵娜,"RAS-0248, RAS-0247, RAS-0246"
韩倪希,RAS-0217
成人的滋味原来这么碱,HJ-097
网美新年拍色图现场开舔我老二,HJ-096
过年偷操老婆的妹妹,HJ-095
身体回馈粉丝随意玩弄大丈夫,HJ-094
张雅婷,"RAS0064, XSJBW001, xsjky002"
苏亦昕,RAS0095
RAS-152,HJ-091
淫叫太吵让我补偿你 色情按摩师居家特别服务,RAS-0167
逃课欲到色大叔 成人游戏指导Play,RAS-0160
与情欲女教师的禁断之恋,HJ-089
一年都没有高潮的人妻,HJ-088
Misa米砂,HJ-0087
起邱比特之暗黑陷阱,HJ-086
地下乐团浅规则,HJ-085
三人梦幻共演情色美式餐厅,HJ-083
巨乳傲慢上司,HJ-082
一二三木头人,鲍鱼游戏SquirtGame
吸舔碰糖,鲍鱼游戏SquirtGame
性感小恶魔福利,万圣节
巨乳初恋现身婚前派对,夜夜
舔点师尬上哈棒师,白荷
拜年遇上啃老废青下葯迷啪,阿姨好久不见
人妻饥渴难耐主动求爱,粗暴水电工
被男友发现的秘密,淫荡女友的真面目
风骚妹妹偷吃姐姐男友,晚餐吃姐姐男友的屌
女孩诱奸童真少年,不良女孩近亲相奸
淫乱女导游与乘客乱交之旅,性爱公交车
丧尸入侵医院,夜夜
性爱女业务,街头起丘比特
网约色干爹肉棒强制插入,清纯学生妹援交初体验
尬上羞耻人妻,街头起丘比特
工地取精中,巨乳实习生
性爱地铁,YURI
富家千金调教,街头起丘比特
女神失恋求我操,夜夜
暗黑杨O琳现身,孟若羽
严格女教师耻力开发,不良少年痴奸电车
香菱,"XK8183, XKTC068, XKGA025, XK8176, XKTC054, XKG196, XK8174, XKG191, XKTC043, XKG181, XKG176, XKTC036, XK8168, XKG122, XKG116, XKG112, XK8154, XKG100, XKG097, XK8150, XKTY001, XKG076, XKG073, XKTC029, XKTC026, XKG043, XK8134, XK8132, XK8129, XKG011, XKG009, XK8119, XK8117, XKG002, XK8104, JDSY031"
石榴,"XKQP62, XKQP60, XKQP031, XKQP029, XK8087"
桐桐,"XKTC069, XK8177, XKTC053, XK8171"
大奶露,"XKQP59, XKG163, XKQP028, XK8160"
陈星然,"XK8182, XKTC059, XKG192, XKG184, XKTC039"
金铭,"XKGA027, XKGA014, XKTC031, XKG086, XKG077"
李恩娜,"XKQP57, XKQP51, XKG173, XKG169, XKG164, XKQP026, XKQP020"
小野,"XKQP56, XKG186, XKG174, XKG165, XKQP030, XKG162, XKQP025, XKG148, XKG143, XK8161"
王佩,"XKTC066, XKTC061, XK8178"
珂珂,XK8181
梅子,"XKQP55, XKQP49, XKQP024, XKG154, XKG146, XKQP018"
宋可,"XKGA023, XKGA016, XKG132, XKG120, XKG115, XKG102, XKG098"
陈韵,"XKQP53, XKQP48, XKQP022, XKQP017"
橙子,"XKGA021, XKGA018, XKQP32, XKG152, XKG-139, XKG130, XKG118, XKQP001, XKG107, XKTY002, XK8152, XKG095, XKG091, XKG081, XKG070, XKG066, XKG064, JDBC079"
泡泡,XKTC063
欣欣,"XKGA020, XKGA003, XKG141, XKG137, XKG128, XKG111, XK8155, XKG106, XKG093, XKG084, XKG078, XKG063, XKG060, XK8139, XK8135, XKG036, JD116, WM25033, WM-25033"
阿楚,XKTC062
王程程,"XKGA015, XKG087"
波妮,"XKGA013, XKG085, XKG080, XSJ094"
小乔,"XKQP45, XKQP014"
晏殊,"XKTC058, XKTC052"
珠珠,"XKGA010, XKG074"
洁米,"XKTC057, XKTC042, XKTC037"
童晓,XKTC056
王心悦,"XKGA009, XKG072"
桥本爱菜,"XKGA007, XKG058, JD121"
李丹彤,"XKGA005, XKG056"
花花,XKGA004
三人淫行记你女友就是我女友,星空暑假档
淫荡人妻惨遭陌生男插入要求老公一起加入,星空暑假档
隔着卫生间爆操人妻,星空暑假档
路遇失足少女带回家爆操,星空暑假档
租房性事新室友竟是我的女学生,星空暑假档
冬月结衣,"XKGA002, XKG039, JDYP003"
苏小沫,"XKTC050, XKG194, XKG187, XKG172, XKTC034, XKTC034"
神谷怜,"XKGA001, XKG038, JD118"
苏素,XKTC049
月牙,"XKG195, XKG188, XKG183, XKTC033, XKCA001"
大学生兼职保姆被主人狂操,星空暑假档
妈妈对儿子的性启蒙教育,星空暑假档
买春记,星空暑假档
女大学生暑期下海与老男人的激情一夜,星空暑假档
女大学生署期下海与老男人的激情,星空暑期档
体验招待所失足人妻全套莞式服务,星空暑期档
芝芝,"XKG189, XKTC038"
1888元压力释放,星空暑期档
高考学妹见网友惨遭迷奸无套内射,星空暑期档
线下面基情趣房内花式足交,星空暑期档
女优嘉雯线下福利,素人自制嘉雯
避孕套御姐推销员的特殊服务,素人自制青玉
郝甜,XK8172
实习期小护士小穴开发入侵实录,星空暑期小鱼儿
甜美御姐与我高考后的性爱邂逅,星空暑期档
为了心仪大学献身学霸,星空暑期档小冉
兄弟二人淫妈记,星空暑期档
高考前的性爱补习,素人自制雅沁
纯情女大学生误入黄牛票贩精液魔窟,素人自制小猫咪
性感人妻的秘密,素人自制雅沁
18岁女儿代班妈妈到雇主家工作被男主人强上,素人自制小冉
甄珠,XKTC041
苏曼,XKG180
程香,XKG177
敏敏,XK8170
前男友的胁迫,素人自制嘉琪
合租的陌生人,素人自制梦珊
性感上司清纯表面下的淫乱心里,素人自制雅沁
替闺蜜相亲见钱起意献身富二代,素人自制桐桐
穿情趣兔兔装给男友过生日,素人自制小冉
昔日恋人婚后偶遇回味曾经的激情,素人自制小冉
我家淫浪的小猫咪,欧美素人自制
黑丝淫荡律师辱骂阳痿男反被爆操,素人自制梦珊
好色医生低级的检查理由,素人自制嘉琪
萝莉女仆伺候我起床,素人自制蒙娜
闺蜜难防,素人自制甜心
发情上司惨遭痴女下属足交调教,素人自制雅沁
爆操醉酒小美女,素人自制蒙娜
艾薇儿,"XKG166, XKG114"
星星,XKG167
合租室友是骚货我想灌醉她,素人自制玥诗
网约女教练不穿内裤的骚货,欧美素人自制
豹纹皮裤美女用骚逼来还债,素人自制玥诗
云裳,XKG161
白虎嫩妹思春开发AV初体验,素人自制萌恬恬
寂寞的新年夜一个人在家好孤独,素人自制球球
性感技师的特殊按摩服务,素人自制雅沁
娅菲,XK8166
欲求不满的淫荡人妻,素人自制雅沁
我的瑜伽女友,素人自制玥诗
职场潜规则有事秘书干没事干秘书,素人自制杨桃
100%胜率离婚律师的秘密,素人自制嘉琪
叫ED治疗催眠师,素人自制甜心
旗袍黑丝肉棒足交,素人自制甜甜
兄妹性启蒙,素人自制月月
邀闺蜜小住醉酒后在她身边激情做爱,素人自制妖妖
路边搭讪半推半就操翻天,素人自制雪梨
黑丝女郎试镜惨遭潜规则,素人自制嘉琪
王姿,XKG158
老公出差榨干小表弟,素人自制清欢
少妇教师的私密按摩,素人自制清欢夫妻
极品家政极致性情理,素人自制依涵
强上刚刚下班的妹妹,素人自制依涵
初入职场的大学生和他的女上司,素人自制悦悦
胁迫白月光成为身下肉便器,素人自制安安
七月,XK8164
乔乔,"XKG149, XKG142"
霜花,XKG150
隔壁小姐姐是色情主播,素人自制宁灿儿
我与学长之喊他来帮忙补习功课,素人自制安琪
兄妹激情乱伦,欧美素人自制
下药猥亵骚气小姨子,素人自制小猫咪
深入她的喉咙邻家妹妹被我射的满脸精液,欧美素人自制
小琦,XKG134
性爱理疗师性幻想是学姐,素人自制舒舒
柔道黑带女教练终究敌不过弟子大鸡巴,XK8159
女搭档爱上了我这淫荡婊子居然愿意当小三,素人自制舒舒
师生孽恋母性泛滥的美女老师彻底沦陷,素人自制宁灿儿
上门按摩淫服务操死这不守妇道的骚货,素人自制小冉
骚闺蜜趁我醉酒吃上了男友的大肉棒,XKG124
被春药彻底控制欲望的美乳人妻,素人自制宁灿儿
骚货老师穿黑丝上门做学习辅导,素人自制桐桐
淫荡校花的性爱体验,素人自制樱桃
猛男圆我怀孕梦,素人自制小冉
明儿,"XK8157, XK8156, XK8141"
我家表里不一的风骚小姨,素人自制波波
新晋素人桐桐首秀,素人自制桐桐
强奸兄弟老婆新婚夜新娘被威胁并强奸了她,素人自制琪琪
新婚当天被轮奸,素人自制茜茜
展舒,"XKG113, XK8153"
富婆偷情被偷拍亏大了,素人自制舒舒
业务员的秘诀出卖肉体诱惑老总签单,素人自制茜茜首秀
淫荡的姐姐,素人自制安琪
侄女的主动让舅舅招架不住,素人自制小冉
大胸职员的疯狂上位史,素人自制波波
兔宝宝的情人节,素人自制甜心
校园网贷,素人自制琪琪
给女友情人节的特殊礼物,素人自制小冉
粉色情人节赐你一炮甜蜜到精液,素人自制嘉琪
湿身情人夜,"素人自制舒舒, TZ-068"
依颂,"XKG108, XKG103, XKG096, XKG094, XK8144"
快感骑乘,XKWTB041
红包大放送,XKWTB040
过年不寂寞,XKWTB038
爱玲,XKG101
淫过年,素人自制嘉琪
大年三十操小妈,素人自制舒舒
痴男尾随入室迷奸空姐,素人自制琪琪
姨姨,XKG099
佳欣,"XK8151, XKG075"
淫过年鲍鱼香肠饺子宴,素人自制舒舒
骚包房东姐姐,素人自制小冉
朋友姐姐的新年礼物,素人自制小冉
姐姐的新冠特效药,素人自制安琪
寂寞新年夜一人人在家好孤独,素人自制球球
报复前女友,素人自制琪琪
可心,XKG092
子晴,"XK8148, XKTC021"
某学校校长以提干部为由迷奸带哄把年轻美女老师拿下,素人自制琪琪
高挑女警上门给挑事男拘留证,素人自制樱桃
已婚少妇出轨前男友初次体验40度大鸡巴,素人自制糖糖
哥哥的女友强上孤身在家的嫂子,素人自制球球
爆操骚货亲姐姐太骚就不要管什么伦理道德,素人自制糖糖
程欣嫒,XKG089
醉酒后跟继母的激情性爱,素人自制舒舒
吞精少女援交的秘密,素人自制安琪
淫荡小母狗,素人自制萌恬恬
浴缸湿身诱惑,素人自制嘉琪
商演直播被榜一大哥征服,素人自制琪琪
强插自慰小姨子,素人自制果儿
前男友的订婚礼物,素人自制舒舒首秀
女大学生勾引家教老师,素人自制小冉
迷奸前女友不给操那就用迷药强行按倒,素人自制萌恬
萌崽前女友的一对一情色采样,素人自制
来自蕾姆手办的惩罚,素人自制妖妖
合租室友浴缸上演水乳交融,素人自制阿语首秀
疯狂高潮的少女,素人自制阿纯
侵犯黑丝嫂子,毛豆
小可,XKTC030
清水,"XKG068, XKG061"
程欣媛,XK8143
白渣渣,XKTC027
嘉琪,"XKTC025, WM-25031, WM-25032"
奈奈子,XK8142
可娜,XKG062
小水,XKTC023
甄可依,"XKG059, XKG053"
性感写真现场不可告人的秘密,XKWTB-002
小日向可怜,XKTC020
凌凌丽,XKG054
下海援交日记-负债空姐,XKTC018
失忆女友,XKTC017
醉酒女友面前偷上寂寞丈母娘,XKG051
饥渴乘务员露奶色诱乘客操逼,XKG050
亲哥兽欲下药迷奸情纯妹妹,XKTC016
养女给养父的礼物,XKTC015
美女主播勾引榜一大哥车震,XKG049
报复前男友跟炮友视频直播做爱,XKTC014
下海援交日记之堕落的网红,XKTC013
迷奸双马尾萝莉少女,XKG048
心机婊秘书的采精计划,XKG047
女教师醉酒后超淫荡服务,XKTC012
寂寞不已风骚丈母娘勾引女婿,XKTC011
女业主的秘密,XKTC010
已婚美少妇跟邻居大战各种姿势,XKG045
周青韵,XK8138
杨子,XK8137
罗娜,XKG042
色胆包天公公趁儿子出差硬上儿媳,XKTC007
色情女主播勾引披萨外送员,XKTC008
为了弟弟工作巴结老板为他招妓,XKTC009
真希波,"XKG040, JD108, TZ-118"
错欲乱伦小叔叔错嫖新姪女,XKTC0010
下海援交记JK校花为钱下海,XKTC006
女室友的秘密无套内射清冷御姐,XKYP008
少妇回忆录,XKTC005
请兄弟嫖娼解锁女仆的百种姿势,XKTC004
校花女神援交记,XKTC003
共享女友朋友妻我来骑,XKTC002
舔狗反转人生又操到初恋女友,XKTC001
同学聚会我闻到了昔日班花身上的淫,XKG037
痴女姐姐对妹妹男友的榨精行动,XK8136
女护士湿滑骚穴滋润病人干躁肉棒,XKG037
强制妊娠被囚禁的怀孕机器,WTB-001
出差艳遇邂逅日本一夜情,XKYP006
哟啪日本超甜爱豆随意玩弄清纯偶像,XKYP005
依涵,XKG035
晴天,"XKG034, XKG032, XKG029, XKG022, XKG021, XKG018"
约啪刚下海的高中生,YP003
椿芽,"XKG031, XKG024"
为了梦想把女儿送给兄弟操,XKG027
丽丽,"XKG026, XK8131"
寂寞岳母强上生病女婿,XKG025
琳达,"XKG017, XKG019, XKG015, XKG-014, XK8126, XKG013"
小哇,"XKG016, XK8120"
小婵,XK8128
金妍,XK8125
蔷薇,"XKG012, XKG006"
美嘉,"XKG010, XKG008"
极品姐妹在家轮流被大屌操,XKG003
苏梦 只只,XK8124
凌语,XK8121
许诺,"XK8122, XK8085"
肖云,"XK8118, XKG001, XK8102, JDSY028"
丹丹,XK8116
香菱 美嘉,XK8115
舒涵,"XK8114, XK8088"
七七,XK8113
回家的诱惑EP7,XK8112
上门礼物女王皮鞭套餐,星空回家过年七部曲-回家的诱惑EP5
小叔子鸡鸡掰直计划,星空回家过年七部曲-回家的诱惑EP6
星空回家过年七部曲-回家的诱惑EP4,XK8109
星空回家过年七部曲-回家的诱惑EP2,XK8107
回家的诱惑EP3,XK8108
回家的诱惑EP1,XK8106
性闻联播5,XKCCAV-8005
小柔,"XK8105, XK8094"
同学聚会下卷之丑小鸭的报复,XK8103
赘婿2,XK8101
大宅院的女人,XK8100
元旦庆典女优狂欢啪,XK8099
柳青,XK8097
歌手的星途,XK8096
表妹的性爱辅导师,XK8095
禾莉,XK8093
璟雯,XK8092
朱珠,XK8091
诺诺,XK8090
雯嘉,XK8089
吴歆星空女优找爸爸,XK8086
双面伊人,艾希
艳遇车震, 曼曼
《万圣节之夜》,刘清韵
死亡微信之夺命十分钟,奈奈子
继母的阴谋,雯嘉
《妻子的报复》,璟雯
我的老婆是大佬2,舒涵
尾行1,冯雪
终极无间,无间道
面馆传人,心雪
卧槽了个DJ3-前传,许诺
主持人调解家庭暴力,性闻联播3
女记者姜洁爆料色情会所,性闻联播2
职场蜕变主动献身,王拉拉升职记3
空姐(李嘉欣 饰) 嫖客(向阳 饰),堕落空姐
男友双手不安份,游戏迷女友
性,婚姻
女记者暗访光棍村,性闻联播
两女一根,"性爱游戏, 第9期"
霸道总裁的小娇妻,沈娜娜
我的妹妹不可能这么可爱,穆娜
拐卖(上),蓝春语
卧槽了个DJ,许诺
绿帽杀手,冯雪
少妇白洁4,童汐
无间道2,秋霞
上海滩,无双
卧槽了个DJ 2,许诺
商务伴游,冯雪
女朋友的秘密,宁雪儿
程序员的奇幻之旅1,龚菲菲
死亡微信之夺命的高潮,奈奈子
我的老婆是大佬1,舒涵
李歆,无双
少妇白洁5,童汐
刘清韵,淫蛇
桃子,JDBC078
婉青,JDBC077
希汶,"JDBC076, JDBC074, JDBC073"
热可可,JDBC075
无法抗拒的肉棍,JDYG01
英国动漫少女被亚洲小伙爆操,JDYG02
伦敦少女遗失手机私密影片流出成片,JDYG03
咪咪,"JDBC066, JDBC064"
抗日奇侠,"JDKR034, JDKR033, JDKR032, JDKR031, JDKR030, JDKR029, JDKR028, JDKR023, JDKR022, JDKR021, JDKR020, JDKR027, JDKR026, JDKR025, JDKR024, JDKR019, JDKR018, JDKR017, JDKR016, JDKR015, JDKR014, JDKR013, JDKR012, JDKR011, JDKR07, JDKR05, JDKR04, JDKR03, JDKR02, JDKR01"
可菲,JD147
逮到机会操上隔壁的傲娇婊子,JDBC033
我的淫荡小妈妈叫声真好听,JDBC032
渴望女婿肉棒的丈母娘,JDBC031
爆操我的拜金前任,JDBC023
性感黑丝OL被修理工霸王硬上弓,JDBC024
爸爸欠高利贷,JDBC021
叛徒神器,JDXYX026
约到邻居性感空姐,JDYA009
六人行啪啪大挑战EP1,SAT0044
增田枫,"JDTY026, TZ-098"
苏宁儿,"JDTY028, JDTY027"
吉原亚希,JDTY024
昀希,"JDTY004, JDTY005, JDXYX022"
实习生的抉择,JD133
相泽悠奈,JDXYX025
李灵儿,"JDYA002, JDYA001"
安慰酒醉好友,JDXYX021
姐弟的淫欲国王游戏,JDTY014
趁爸妈不在家兄妹乱伦,JDTY013
诱惑导师,JDXYX020
直播口爆清纯直播主,JDYL012
我的淫荡女儿好会摇,JDTY022
爆操我的嫩逼小骚妹妹,JDTY011
学生强上老师,JDMZ005
公媳激情乱伦致怀孕生子,JDTY020
妹妹性爱初休验要求哥哥放进来,JDTY018
侄子硬上淫荡小姑,JDTY016
鬼父侵犯女儿,JDXYX018
霸道男友的强迫日常,JDXYX017
男同学假扮老师PLAY女同学,JDMZ003
我的专属女仆,JDXYX019
学妹的诱惑,JDMZ004
远房亲戚的不伦约炮,JDXYX016
老公的同事上了我,JDMZ002
伊色媚人按摩师,JDMZ001
变态房东侵犯小姿女,JDXYX015
AV片场的梳化姐姐,JDAM001
大嫂的叹息,JD132
约啪HOT到家,JDYP042
双向补充蛋白质,JDYP041
陪酒女郎,JDXYX014
哟啪游戏女陪玩,JDYP040
女王白富美,JDXYX012
约啪男优教学,JDYP039
变态病患迷奸女护士,JDXYX011
看黄片受不了竟操妹妹泄愤,JDXYX009
肉棒逼债狠操裸贷少妇,JDXYX010
裸体模特被强上到高潮,JDXYX008
网约司机性爱教学,JDTC002
月亮恩仇录,JDYL010
性爱小厨娘,JDXYX007
约啪AV女优梦想成真,JDYP037
女主播强上蜘蛛侠,JDYL011
约啪瑜伽教练,JDYP038
激情多人约会,JDXYX006
叙旧表妹约啪兼职,JDYP036
东京爱情故事,JDYL007
直播增知术,JDYL009
约啪内衣设计师,JDYP035
挑战面试官,JDYL008
变态物业强上露出癖人妻,JDSY050
备胎的反击,JDYL006
约啪美术老师,JDYP034
约啪桌球妹,JDYP033
邻居姐姐被辱回忆录,JDSY049
我的老师我的爱,JDSY048
我的小姨是棋牌女神,JDSY047
棋牌女郎空降玩到喷尿,JDSY046
姐姐是情色博主,JDTYC004
艺校美女面试被浅规则,JDTYC005
同城约会学生妹,JDXYX005
女老师,JDYP031
因约啪而开挂的人生2,JDYP025
约啪女学生,JDYP030
绿帽男约炮偶遇前女友,JDXYX
拜金女被相亲对像爆操,JDSY043
八号当铺,JDYL004
爱上男闺蜜,JDYL002
哟啪人妻,JDYP027
现代潘金莲,JDYL003
约啪前女友,JDYP029
爆操住家小保姆,JDSY018
王晶晶,JD107
麻辣教师GTO,JD128
约啪网红,JDYP032
江之岛恋人下集,JD131
第一次做女人的大哥,JDYL005
下班后的女财务变身约炮女郎,JDXYX
身兼多职的美女老师,JDTC001
火舞大战术士反被操,JDXYX
江之岛恋人上集,JD129
哟啪女上司,JDYP028
失意少妇以身偿债,JDTYC003
榜一大哥强上主播被直播,JDYL001
女销售的第二工作,JDYP026
表姐的私密性事,JDTYC001
驯养我的兄弟女友,JDTYC002
相约KTV,JDYP024
性爱厨房,JDYP023
性运之才,JDYP022
爆操台球女助教,JDYP021
因约啪而开挂的人生1,JDYP020
白领为客户约啪妹子,JDYP018
女总裁上约啪求刺激,JDYP017
炮机约啪嫩妹抽搐,JDYP011
樱井美里,"JD127, TZ-043, TZ-042"
桃色家政,JDYP016
爆操约啪女代驾,JDYP015
米娅,"JDYP014, JDSY039, JDYP004, JDSY038, JDSY035"
屌丝男边玩游戏边约啪,JDYP013
十八岁女高中生被操到出水,JDSY045
怦然心动的小姐姐,JD126
前任一哭现任未必输,JDYP012
夜勤病栋下集,JD130
纪实司机约啪嫩模,JDYP009
情侣约啪大考验,JDYP010
美少妇被美容师套路奸,JD124
复仇者联盟之神奇女侠战美国队长,JD125
奈奈,JDSY044
中出内射亲表姐,JD123
安安,"JDYP008, JDSY041"
农民工约啪小嫩妹,JDYP007
天降精喜乞丐操少妇,JDSY042
夜勤病栋上部,JD122
苏小小,"JD119, JD100"
夏夏,"JDYP006, JDSY040"
优优,JD120
绫波丽,"JD117, TZ-109-01, TZ-108, TZ058, TZ-032, TZ-030"
小影,"JDSY037, JDSY023"
草莓,JDSY027
笑笑,JDSY036
地主家的傻儿子,JD115
精东捡尸人,JD114
兔小白,JDSY034
Aida,JDSY033
商战之迷奸女间谍,JDSY032
我的少女时代,JD111
桥本爱奈,JD112
爱咪,JDSY026
冬月結衣,JD110
妲己,JDSY025
我被男闺蜜肛了,JD109
墨涵,JDSY024
邦妮,"JDSY021, JDSY019"
艾咪,JDSY018
艾丽,JDSY020
杨思敏,JDSY017
凌雨萱,JDSY016
雯子,JD106
酒店水电工强上性感少女,JDSY014
精东按摩院,JD105
妲已,JDSY015
舔狗的逆袭,JD104
浅野美羽,JD103
特殊门诊爆操两个女医生,JDSY013
货车司机强上年轻的小姨子,JDSY012
波霸总监是我妹,JD102
和健身教练激情性爱,JDSY011
粘人的妹妹无套硬上亲哥,JDSY010
我的炮友是亲身母亲,D101
被绿父亲怒操叛逆女儿,JDSY009
寂寞小妈强上爱伤儿子,JDSY008
风骚小姨被人下药,JDSY007
嘘!禁止想象,JD094
贝琳娜,JD098
我的炮友是后妈,JD098
空调修理工强奸清高少妇,JDSY005
憨厚老哥被勾引狂操纵欲表妹,JDSY004
妹妹的性教育,JD097
纵欲小姑强上快递员到高潮,JDSY003
闷骚人妻欲求不满2,JD096
我的老公在乌克兰,JD095
系列之锁,JDX002-X
系列之粉的第七章,JDX001-X
街头搭讪岛国美女,JD093
淫乱小姑的课后辅导,JDKY002
见色起意继子迷奸后妈,JDKY001
玩弄女主播,JD092
淫乱一家人,JD090
密友,"JDMY042, JDMY041, JDMY043, JDMY038, JDMY039, JDMY040, JDMY037, JDMY036, JDMY035, JDMY034, JDMY033, JDMY032, JDMY031, JDMY030, JDMY029, JDMY028, JDMY027, JDMY026, JDMY025, JDMY024, JDMY023, JDMY021, JDMY020, JDMY019, JDMY017, JDMY018, JDMY010"
权利的游戏,JD099
万万没想到之魔法少女,JD089
逆袭的保姆,JD088
空姐阿莲的合租生活,JD087
黑道大姐心2,JD086
兄弟情深,JD085
屌丝逆袭之农民工凌辱反差不婊,JD084
斗罗大陆,JD083
我爱约炮,JD082
吸精九尾狐,JD081
JK萌妹爱家教,JD080
颅内高潮,JD079
王小思,JD078
黑道大姐心,JD077
我是绿帽奴,JD076
美丽的儿媳,JD075
美丽的继母,JD074
巨屌调教嫩女,JD073
金瓶梅,JD072
第十六集,密友
第十五集,密友
第十四集,密友
第十三集,密友
美女特工最后的考验居然是,赤裸特工
第十二集,密友
第十一集,密友
我的精东约炮经历,新人女神梦瑶主演
和弟弟的不伦之恋,姐姐的爱
死鬼,我的老公是精东男友
妹妹的爱,JD007雪见
吾家有女初长成,叔叔与侄女
SM女王兮颜强势降临,请叫我女王大人
玩弄巨乃女主张芸熙,精东新闻播报台
寂莫妻子在家祼聊,老公出差
姐夫车祸昏迷,小姨子与植物人姐夫
上门技师手法超绝,色诱技师
让我们来惩罚你!,妖精!放开我爷爷
男友出轨处子之身献身乞丐,我的乞丐男友
风尘女子从良再下海,妹团有你之女子图鉴
轮奸强势女上司,凌雨萱
为了工程主动送上女友,迷奸
想上位先面试,真子丹面试女粉丝
黑道风云之黑吃黑,凌雨萱
拍戏实遇大姨妈,我的绿茶女友
尽享鱼水之欢,兄弟的老婆之水中情
教练你的大鸡鸡顶到我了,健身性爱
但愿人长久千里共婵娟,嫦娥奔月
传闻白虎克夫,东北往事之白虎
当美女姐姐遇上渣男老师,强上学生的姐姐
上错花轿嫁对郎,精东影业JD066
KK,GX-002
呆萌医生的上门服务,WMOG-003
甜美幼教肉身贷款,WMOG-004
大奶喷水姬的潮吹释放,WMOG-001
核废水背后的秘密,GX-001
害羞新人COS首秀,WMOG-002
X·ERIES,LB036
韩清怡,LB032
沈依秋,LB031
苏心瑜,LB030
姜北柠,LB029
孙语薇,LB028
林晓熙,LB027
张思琪,LB026
寻亲记3之妹妹的叛变,LB025
轻罗,LB022
双子座命运 第一期,LB023
清沐,"LB024, LB021"
邻家清纯少女,LB017
上门嫖妓巧遇邻居女儿,LB020
海归情人出轨,出轨少妇董小宛
轮流交叉可延年益寿,极品萝莉一个19一个20
百合,"WM25036, WM-25036"
叔叔与嫂子的网红梦,WY012
外卖小哥为了好评啪起,丰乃肥尻美熟女勾引外卖小哥啪啪
小偷劫财又劫色,午夜入室
哥哥让妹妹带上眼罩,兄妹乱轮
爸气十足EP37上篇,DAD-021-01-EP37
七濑恋,"TZ-122, TZ-060"
爸气十足EP36,DAD-020-EP36
小岛凛出道作,TZ-121
爸气十足EP35,DAD-019-EP35
凌波丽,"TZ-120, TZ-113, TZ-109-02, TZ-100, TZ-102, TZ-039, 情侣性爱挑战赛EP1"
爸气十足EP34,DAD-018-EP34
石川律子,TZ-119
爸气十足EP33,DAD-017-EP33
月野静,TZ-117
爸气十足EP32,DAD-016-EP32
淫乱新闻女主播,TZ-116
爸气十足EP31,DAD-015-EP31
望月悠奈,TZ-115
爸气十足EP30,DAD-014-EP30
羽月萌音,"TZ-111, TZ-046"
爸气十足EP29,DAD-013-EP29
户外特辑之岩洞荒野求精,TZ-114
爸气十足EP28,DAD-012-EP28
爸气十足EP27,DAD-011-EP27
兔子按摩院EP6,TZ-112
爸气十足EP26,DAD-010-EP26
爸气十足25,DAD-009-EP25
小岛凉,TZ-110
爸气十足24,DAD-008-EP24
痴汉尾行之餐厅露出强奸,TZ-107
爸气十足23,DAD-007-EP23
母亲节特别篇给儿子的礼物,TZ-106
爸气十足EP22,DAD-006-EP22
K杯神乳美体享受,TZ-105
白石麻衣,"TZ-104, TZ-095"
爸气十足EP21,DAD-004_EP21
酒醉姐姐捡回家EP4,TZ-103
爸气十足EP20,"DAD-004-EP20, DAD-001-EP20"
然袭击乱入3P,TZ-0101
爸气十足EP19,DAD-003-EP19
爸气十足EP18,DAD-002-EP18
痴女社长的玩物,TZ-097
父债女偿,TZ-096
爆操女主播,TZ-094
淫女好呻吟,"TZ-093-EP2, TZ-093-AV2, TZ-093-AV1"
大学班花性爱实录,TZ-092
岛国特色泡泡浴EP3,TZ-091
兔子按摩院EP1,TZ-090
爸气十足EP6,TZ-089
背德妻丈夫下属的侵犯,TZ-088
大板闺蜜圣诞双飞,TZ-087
爸气十足EP15,TZ-086
前女友订婚礼物,TZ-085
我的美国妹妹,TZ-084
日本高中生上门援交,TZ-083
酒醉妹妹捡回家,TZ-082
盗摄-情色按摩院,TZ-081
爸气十足EP14,TZ-080
黑丝空姐的天身服务,TZ-079
我的机器人女友下篇,TZ-078-02
我的机器人女友上篇,TZ-078-01
海贼王REO同人COSPLAY,TZ-076
朋友的妹妹性幻想,TZ-077
滴滴打炮直达高潮天堂的共乘之旅,TZ-070-AV4
中秋团圆人奸情下篇,TZ-075-02
夏日性爱运动会AV番外篇,TZ-070-AV3
夏日性爱运动会蜜汁四溅水枪大对决,TZ-070-EP3
中秋团圆人奸情上篇,TZ-075-01
夏日性爱运动会终极惩罚,TZ-070-AV2
夏日性爱运动会之精油摔跤,TZ-0070-EP2
感恩我师从性开始,TZ-074
夏日性爱运动会AV番外篇终级惩罚,TZ-070-EP1
夏日性爱运动会,TZ-070-EP1
极至享受日式泡泡浴,TZ-073
爸气十足EP13,TZ-072
养育之恩以身相报,TZ-069
爸气十足EP12,TZ-067
好友性爱挑战赛,TZ-066
人妻替夫还债,TZ-065
酒醉姐姐捡回家EP2,TZ-064
炮机初体验,TZ-063
两天一夜后篇持续侵犯,TZ-062-02
两天一夜持续侵犯前篇,TZ-062-01
明日香,"TZ-061, TZ-050, TZ-049, TZ-047, TZ-044, TZ-034, 东京爱欲故事EP1, 东京爱欲故事EP2"
爸气十足EP10,TZ057
流川千穗,TZ056
爸气十足EP9,TZ054
中野惠子,"TZ055, TZ-041"
双子兄弟之3P性爱实录,TZ-052
泡泡浴中出G奶美少女,TZ-053
爸气十足EP8,TZ-051
痴女3P后篇激情榨精,TZ-048
东京爱欲故事EP6,TZ-045
双子兄弟3P,TZ-040
东京爱欲故事,"TZ-038, TZ-037"
爸气十足EP7,TZ-036
纱耶香,TZ-034
小泽妙香,TZ-033
双子兄弟3P性爱实录,TZ-029
日本金莲领我回家,樱井美里
女子高生3P初体验,双子兄弟
池田奈美,"AV篇, 节目篇"
清纯素人首次出演,沙耶香
3P疯狂输出内射,被下春药的性感家教
带回酒店玩弄输出內射-柚木结爱,拉面店搭讪超可爱少女
浅野爱,爸气十足EP3
(上),爸气十足EP4
极品清纯校花兼职外围,小飞
爆操童颜女神绝美身材,小飞
彪悍搏击教练强暴外卖小哥,搏鸡教练
算什么男人,夏晴子
时光倒流狂草高中女校花 沈娜娜,时间静止2
逃婚新娘,元宵节巨献
同学聚会骗炮女校花,元宵节巨献
整蛊班长老师色诱逼供,教师节
超美女仆性爱体验,人妻最强变装
极致水嫩小穴美不可言,情侣游戏1
淫乱护士,她的秘密3
圣诞兔兔,最新私信短片
全剧终,森林 - 第四集
2022单人SOLO骑乘爆浆 4K夏系列,短番
夏日回忆 叁,短篇集
夏日回忆 贰,短篇集
流,短篇集
碎裂 -HongKongDoll玩偶姐姐, 第三集 
梦魇时崎狂三COS最邪恶的精灵-板栗,
日系风情旅馆美人的邂逅,璃奈酱
实习生岗位保卫站,小泽珍珍
人家是学弟的小母狗,酥酥
圣诞女王奇异历险记,浅尾美羽
空姐的迷情狂乱show,小水水
渴望喷水的粉红奴,小水水
姐姐和妹夫的乱伦故事,nicolove
飞盘游戏机,孟若羽
财团老板的新玩具,甜心宝贝
爱你爱到强奸你,悠乐汇
强行口交防疫检测员,茶理
me,"7000, 7000, 7000"
性爱奖金挑战赛,WTB-088
到府亲授爱的秘密攻略,WTB-089
恋恋天使心之来自天国的报恩上集,WTB-092
恋恋天使心之来自天国的报恩下集,WTB-093
女仆的秘密课程,WTB-094
在家只穿条内裤的同居女孩,WTB-082
快来爱爱吧,WTB-083
彻夜加班冷气坏掉后的热汗直流,WTB-084
暗黑杨丞琳大战嘻哈歌手,AV-0072
痴汉援交高中制服的完全占有,WTB-077
酒店妹包养软饭男为了让他振作只好以身相许,WTB-075
丝袜巨乳小母兔,dx-004
小波多野结衣,dx-010
变态巴士之披萨店的痴女店长,dx-008
点燃香烟前请先点燃对继妹的欲火吧,WTB-072
好色小表妹超粘人,WTB-073
开工大吉骚气女主管到府唤醒装病员工,WTB-067
淫师出马熟女老师的特殊家庭访问,WTB-068
都是为了沉迷电动的哥哥,WTB-069
地方的家庭教育需要调教,WTB-071
召唤恶魔的等价肉换完成我的愿望吧,WTB-065
劈腿性爱体验软骨美女的性爱实录初体验,WTB-063
对不良少女继妹,WTB-066
秘密大放送,WTB-062
亲临到府的房屋女业务,WTB-064
对客人表妹最深入的歉意,WTB-059
男友视角下的恋人兔兔,da-011
那些年我们想上的短发班花,AV-0049
不是车震是我的屁屁在震啦,dx-004
没钱买披萨只好帮外送员解决问题,da-005
坏坏性爱专车,dx-005
性爱尊严大对决！绝对不会射VS绝对让你射,WTB058
年假后期待见到火辣的女同事,da-004
女家教的考验,WTB-045
害羞女大生想被同居的硬汉狂操,WTB-047
超沉浸性爱迎接冬天的温存抽插,WTB-046
发现女主管的秘密兼差,WTB-037
欲女约拍,WTB-034
刺客未来姬,"WTB-035, WTB-036"
突破性冷感,WTB-038
告别过去的纯爱高潮,刺客未来姬下集
穿越时空的性爱灵感,刺客未来姬上集
性爱的信号EP3,WTBZY-03
性爱的信号EP4,WTBZY-04
性爱的信号EP2,WTBZY-02
性爱的信号EP1,WTBZY-01
在聚会偷偷操起来,WTB-033
竟然在恋爱疗愈所遇到暗恋的学妹,WTB-032
变态监督羞耻教育,WTB-031
骚气女主管用黑丝调教我的肉棒,WTB-030
火辣轻熟女健身教练到府服务,WTB-029
Lilit,OM-002
艾儿,WTB-001
外送到家朋友叫了屋子送到家,孟羽君
独自在家隔离的寂寞人妻,孟羽君
刺激偷情不能被听到的人妻呻吟,孟羽君
大嫂用放荡的肉体机会,WTB-020
极品软萌系超M属性大学生,WTB-019
爱情宾馆里Cosplay拍摄,WTB-018
我的专属00后JK嫩女友,WTB-017
新人AV20岁最素出道作,WTB-016
新婚嫩妻瞒着老公寻求爱妩快感,WTB-015
傲娇的家庭教师邀请我到她房间,WTB-014
AV初体验呆萌女大生误入试镜现场,WTB-013
酒后与女秘书的偷情约会,WTB-012
闷骚人妻的高级会所全套服务,WTB-011
寂寞寡妇寻找回春性爱,WTB-010
想要被满足的设计系女大生,WTB-009
风俗店超级红牌初体验,WTB-008
超主动纯欲女仆,WTB-006
直播主的粉丝福利秀,WTB-005
饥渴人妻的情欲回忆录,WTB-004
精美后入HD色情,MDC0043-114
后入极品嫩穴,MDC0043-119
 推拿风云之按摩献身至尊服务, HUL-037
神棍双修兼双飞消灾解厄靠上床,HUL-036
爽操美艳的房东太太,HUL-035
绝对高潮情欲按摩店,HUL-034
处男学生转大人成绩进步就让你坏坏,HUL-033
性瘾妹妹爱上家教男,HUL031
乡村巨乳小护士,"HUL030, HUL-030"
美丽善良的家政妇,HUL-032
性瘾妹妹爱上爱教男,HUL-031
我要你做我的奴隶,HUL-028
小姨妈来照顾生病的我,HUL-029
淫荡女室友爱处男,HUL-027
性奴圣诞迷情夜,HUL-026
米妮,HUL-025
尼姑庵淫乱史,HUL-016
魅惑千年,HUL-015
可口的小姨子,HUL-014
物业保安凌辱日,HUL-002
套路暗访咖啡店女酒托,HUL-004
校园暗访之顶配红牛,HUL-008
新晋女优入职记,HUL-009
COSER女友爆操日,HUL-010
滑溜溜地狱,成人游戏
绳缚地狱,成人游戏
骚秘的专属福利,69FILMS1013
骚穴止水,69FILMS1014
摄影师让她呻吟得很利害,69FILMS1016
娼狂宿舍之性爱初体验,69FILMS1005
放荡的护士,69FILMS1007
丰满宝贝引诱并操一个幸运的送货员,69FILMS1008
迷恋肉棒的日式少妇,69FILMS1009
男技师特色按摩,69FILMS1010
娼狂宿舍之鸡头初成,69FILMS1005
娼狂宿舍之后初次口爆,69FILMS1004
水上乐园,第15期
爱的教育,69FILMS1001
变态哥哥诱导天真妹妹做爱,69FILMS1002
变性患者的初检,69FILMS1003
第5期,DYMT005
第2期,DYMT002
第3期,DYMT003
第1期,DYMT001
雀王争霸,第13期
骚货女租客黑丝勾引房东激情偷情,
性爱百家乐,第13期
肉体激情足球赛,第12期
性爱世界杯之射龙门,第11期
润滑液相扑,第10期
操人三项,第8期
深喉大赛,第7期
胸器争霸夺百万现金,第6期
女体餐盘体验,第5期
多人配对运动,第4期
鲍鱼游戏深夜节目 鬼抓人 献出你的身体,AS003
鲍鱼游戏深夜节目,AS001
酒后社交体验2处男对战6抖阴女郎,第3期
丝袜大作战,第2期
私人护士送上销魂的治疗体验,狼人影视
欠债员工遭遇会所老板潜规则-思思, 萝莉社x草霉视频
这个VR太真实,PH-086
性感写真现场不可告人的秘密拍摄,PH-085
地方爸爸需要女儿,PH-084
到素人家拜访SEX下,PH-077-2
到素人家拜访SEX上,PH-077-1
饥渴日本熟女榨干日本中年大叔,PH-081
肉便器OL享受3P前后洞口都被灌满,PH-082
心仪对象被我中出了,PH-078
只有在老公面前跟别人做爱才能高潮,PH-083
多人6P杂交派对,PH-075
舌吻专属,PH-074
呆萌日本女学生左尻右插的激烈反应,PH-073
结束出差的疯狂Sex顺从最根本的欲望,PH-072
放荡日本家庭主妇的饥渴榨精,PH-071
旗袍少妇情欲流动,PH-070
可怜人妻肉体还债,PH-69
禁忌乱伦中出来家休息的姐姐,PH-67
吸精魔女,PH-66
约炮对像竟是我妹,PH-65
夜店姐姐逼我破处,PH-64
家有母狗肉体偿债,PH-63
董事长对女秘书的性爱课程,PH-062
兄弟女友爬上床,PH-061
腼腆女孩变小母狗,色控PH-060
女大学生的秘密,PH-059
成为上司的性欲爱奴,PH-058
出轨兄弟女友,PH-057
金发美女欲望解放多男干一女极限抽插,PH-056
饥渴人妻私房约炮,PH-055
跟上司的不伦恋,PH-054
腼腆的女大学生,PH-053
实习教师课后辅导,PH-052
NTR性感的大嫂,PH-051
音乐老师全裸诱惑,PH-US-002
多人颜射,PH-049
兄弟的女友诱惑,"PH-050, PH-050"
极致深喉咙口爆,PH-US-001
密室内射无限强制中出,PH-048
巨乳妇女来家打扫,PH-047
洛杉矶楼顶的疯狂学生,PH-046
G罩杯巨乳妇女来我家打扫,PH-045
校园壁咚强制执行,PH-044
岛国女仆家政妇下集,PH042
PH-041,色控
女学生的拍摄初体验,PH-040
麻豆传媒映画,素人女优销魂快感体验
沙滩按摩,多乙
宸荨樱桃,樱桃的电竞肉体服侍
再续前缘庆生活动,金善雅
平面模特的沦陷下,淑怡
平面模特的沦陷上,淑怡
谭晓彤,爆乳老板娘69性爱体验
独家定制版 偷情姐夫,小云云
户外挑战 勾引出租车司机,小桃酱
特效药迷操美女班主任 内射嫩穴,小云云
小新,兑现粉丝上门榨汁 超强吻技
小云云,已婚人妻偷情初恋
Cos涂山苏苏,晗喵
Cos原神可莉 水汪汪大眼,小晗喵
淫穴饥渴女老板,金桔柠檬
萝莉会长的圣诞约炮体验,我的会长大人
把精液舔的干干净净,圣诞约炮口爆
来玩弄你的圣诞小蕾姆,主人
圣诞的专属调教,姐姐的圣诞精喜
圣诞夜晚,嫂子2
阿狸的神秘盲盒,柚子猫
一日女友,NICOLOVE妮可
游戏约到的巨乳少妇竟然是我嫂子,嫂子怎么是你
极品女友热裤下的小骚穴,西门庆
va的特殊,D
麻酥酥,超赞爆乳网红
弟弟的成人礼姐姐送他性教育,xsj164
米米,xsjky114
蜜蜜,xsjky115
苗方,"xsjky113, xsjky102"
陆斑比,"xsjky110, xsjky092, xsjky081, xsjky073, xsjky062, xsjky050, xsjky034, xsjky032, XSJ136, xsjbw008, xsjky017, xsjky007, XSJ121, xsjhg009, xsjky001, QDYP013, XSJ054"
林七七,xsj163
拽姐,xsjky103
雅雅,xsjyh09
苏菲,xsjyh08
宛琦,xsjky096
芽芽,"xsjky091, xsjky052"
EMMA,xsjky086
自慰太无味打电话找妈妈要男人,苡若
天然E奶准毕业生初体验双雕,怡婷
小金,XSJ151
婷婷,XSJ142
李妍希,xsjky035
林笑笑,xsjky030
性爱A计划,黑糖
用肉棒封印少女僵尸,三月樱花
清纯女邻居的另一面,XSJ080
来自老婆闺蜜的勾引,XSJ078
禽兽老爸跟女儿的乱伦日常2,xsj0015
禽兽老爸跟女儿的乱伦日常1,xsj0015
男子潜入女孩家,xsj0013
绿帽老公让蒙眼娇妻被人操,xsj0032
寄宿表妹被强上,xsj026
哥哥发现妹妹的秘密要挟最终射在嘴里,xsj027
儿子发现妈妈的秘密,xsj0027
被尾随的少女惨遭强暴,xsj0028
妻子为了老公的官司向律师献身,xsj0034
美乳学霸为满足性欲找两个男生陪她,ed040
妈妈用身体偿还儿子同学的医药费,xsj0033
极品天然G奶大学生无码自慰,ed041
表妹的性爱辅导,xsj0022
28岁嫩妻小熊性欲太强副总顶不住只好求助别人,ed038
E奶爱丽看到黑人帅哥一下班就冲过来,ed047
健身教练 bvc与巨乳女神,ed046
家访女教师被强暴,xsj0031
极致小萝莉男友用3P进行式,ed041
白雨熙感谢祭15位幸运儿全员射精,ed039
天天操得到之校园记,XSJ086
天天操得到之偷情篇,XSJ089
天天操得到之见习死神,XSJ088
少妇用身体偿还高利贷,xsj025
拍摄写真被诱骗,xsj0014
酒店叫醒服务,xsj0011
父母吵架儿子用大肉棒安慰母亲,xsj0029
被冷落的人妻偷偷叫外卖,xsj0026
帮闺蜜调教男友,xsj0012
醉酒妹子被捡尸,XSJ020
浴室激情记,XSJ023
新婚妻子被公司领导强上,XSJ024
乌龙快递,XSJ081
离异少妇兽房东,XSJ075
爸爸干翻儿子女友,XSJ022
贵妇按摩被干到高潮,xsjzh027
午夜搭车后的艳遇,XSJ077
特别的叫醒服务,XSJ079
给家教老师的中秋大礼包,qdmak002
丝丝女神,"qdss023, qdss010, qdss018, qdss014, qdss025, qdss009, qdss024, qdss001, qdss003, qdss003, qdss008, qdss012, qdss004, qdss013, qdss010, qdss002, qdss007, QDSS011"
AV女优面试记,qdzh012
性感御姐肉偿买单,丝丝女神
新人首次拍片3P,qdzh032
售楼小姐为了业绩诱惑客户,qdzh014
禽兽医生想尽办法操我,qdzh023
淫荡女护工,QDZH006
学生妹小香和凯莉蒙眼误闯情色按摩,QDED020
舞蹈老师应聘,QDZH018
为了借钱把女儿送上好兄弟的床,QDZH005
色魔摄影师大战火爆身材的极品模特,qded007
男佣人陪小姐散心,qdzh003
美腿女神米欧与小钢炮干到潮吹不断,qded008
性感人妻高潮释放,qdzh023
家政妇做家事时候都在想念曾经交手过的好屌们,qded019
工作太忙许久没打炮的E奶花花,qded018
表妹补课被表哥操,qdzh007
爆操酒店保洁员,qdzh022
情欲哥哥硬上妹妹,qdzh011
秘书醉酒被司机强迫,qdzh016
萌少女的AV初体验,qded006
快递小哥爆操人妻,qdzh009
极品妹子春情媚药众猛男多P轮番抽插,qded005
工程师被绿女神主动献身,qdzh015
把男友捆在她面前与其他男生爱爱,qded031
无预警被男同学爆肛疼得直叫,qded010
为了退押金免费让房东玩弄,qdzh017
随机搭讪情侣与陌生男子做爱,qded014
少妇打麻将把自已输进去,QDZH021
老婆不在家继父强迫继女做爱,QDZH002
和台版小波多野结衣啪啪啪,QDED025
电视节目占有率难看只好来做爱,QDED015
萌妹欠高利贷肉偿,QDZH010
过生日与前男友再续前缘,QDZH013
隔壁人妻求帮忙修水管反被操,QDZH008
干翻丝袜小偷,QDZH020
第一次约身材丰满的美甲师,QDED011
神探柯南的趁虚而入,XSJ073
以身抵车费的美女,XSJ074
约炮约到亲妹妹,XSJ053
约炮约到了老师,XSJ068
疫情在家与老婆初玩SM,XSJ065
一杆两洞双倍快乐,XSJ064
3人乱交私人影院的骚女,XSJ063
卖茶美女被颜射,XSJ052
酒店按摩女来帮你放松,XSJ051
KTV里的双飞,XSJ066
妈妈饥渴难耐诱奸儿子,QDZH001
XSJ055,
女友的报复,XSJ050
我和僵尸有个约会,XSJ043
网课教师被快递员捆绑侵犯,xsj035
被潜规则的实习生,XSJ048
风骚少妇,XSJ045
醉酒小姨子的不伦之恋,XSJ042
月光族拖欠房租,XSJ049
来自女友的恶搞惩罚,XSJ044
乱伦姐弟的第一次2,XSJ021
请个家教收拾我,XSJ056
沫诗婷,QD010
斑斑哥哥的生理实验室,QD007
